areaType,areaName,areaCode,date,newAdmissions,Hospi
overview,United Kingdom,K02000001,2020-03-27,2165,7044
overview,United Kingdom,K02000001,2020-03-28,2506,8020
overview,United Kingdom,K02000001,2020-03-29,3121,9238
overview,United Kingdom,K02000001,2020-03-30,2816,10732
overview,United Kingdom,K02000001,2020-03-31,3483,12204
overview,United Kingdom,K02000001,2020-04-01,3396,13111
overview,United Kingdom,K02000001,2020-04-02,2914,13265
overview,United Kingdom,K02000001,2020-04-03,2958,14748
overview,United Kingdom,K02000001,2020-04-04,2918,16606
overview,United Kingdom,K02000001,2020-04-05,3000,17801
overview,United Kingdom,K02000001,2020-04-06,3111,18280
overview,United Kingdom,K02000001,2020-04-07,3025,18980
overview,United Kingdom,K02000001,2020-04-08,2684,19361
overview,United Kingdom,K02000001,2020-04-09,2487,19524
overview,United Kingdom,K02000001,2020-04-10,2219,19648
overview,United Kingdom,K02000001,2020-04-11,1996,19518
overview,United Kingdom,K02000001,2020-04-12,2187,19872
overview,United Kingdom,K02000001,2020-04-13,2109,19397
overview,United Kingdom,K02000001,2020-04-14,1837,19257
overview,United Kingdom,K02000001,2020-04-15,2047,18552
overview,United Kingdom,K02000001,2020-04-16,1906,18277
overview,United Kingdom,K02000001,2020-04-17,1702,17320
overview,United Kingdom,K02000001,2020-04-18,1693,17462
overview,United Kingdom,K02000001,2020-04-19,1704,17476
overview,United Kingdom,K02000001,2020-04-20,1708,17356
overview,United Kingdom,K02000001,2020-04-21,1527,17098
overview,United Kingdom,K02000001,2020-04-22,1504,16522
overview,United Kingdom,K02000001,2020-04-23,1500,15957
overview,United Kingdom,K02000001,2020-04-24,1329,15339
overview,United Kingdom,K02000001,2020-04-25,1379,14799
overview,United Kingdom,K02000001,2020-04-26,1491,14695
overview,United Kingdom,K02000001,2020-04-27,1487,14788
overview,United Kingdom,K02000001,2020-04-28,1516,14113
overview,United Kingdom,K02000001,2020-04-29,1417,13851
overview,United Kingdom,K02000001,2020-04-30,1297,13475
overview,United Kingdom,K02000001,2020-05-01,1161,13051
overview,United Kingdom,K02000001,2020-05-02,1242,12766
overview,United Kingdom,K02000001,2020-05-03,1206,12607
overview,United Kingdom,K02000001,2020-05-04,1143,12493
overview,United Kingdom,K02000001,2020-05-05,1226,12152
overview,United Kingdom,K02000001,2020-05-06,1162,11682
overview,United Kingdom,K02000001,2020-05-07,909,11161
overview,United Kingdom,K02000001,2020-05-08,964,10689
overview,United Kingdom,K02000001,2020-05-09,899,10701
overview,United Kingdom,K02000001,2020-05-10,1025,10432
overview,United Kingdom,K02000001,2020-05-11,1006,10659
overview,United Kingdom,K02000001,2020-05-12,943,10343
overview,United Kingdom,K02000001,2020-05-13,925,10088
overview,United Kingdom,K02000001,2020-05-14,882,9702
overview,United Kingdom,K02000001,2020-05-15,801,9497
overview,United Kingdom,K02000001,2020-05-16,816,9105
overview,United Kingdom,K02000001,2020-05-17,852,9124
overview,United Kingdom,K02000001,2020-05-18,866,9095
overview,United Kingdom,K02000001,2020-05-19,859,8914
overview,United Kingdom,K02000001,2020-05-20,832,8512
overview,United Kingdom,K02000001,2020-05-21,764,8268
overview,United Kingdom,K02000001,2020-05-22,605,8233
overview,United Kingdom,K02000001,2020-05-23,635,7867
overview,United Kingdom,K02000001,2020-05-24,589,7871
overview,United Kingdom,K02000001,2020-05-25,682,7895
overview,United Kingdom,K02000001,2020-05-26,707,7800
overview,United Kingdom,K02000001,2020-05-27,691,7474
overview,United Kingdom,K02000001,2020-05-28,631,7211
overview,United Kingdom,K02000001,2020-05-29,580,6909
overview,United Kingdom,K02000001,2020-05-30,548,6619
overview,United Kingdom,K02000001,2020-05-31,604,6587
overview,United Kingdom,K02000001,2020-06-01,635,6635
overview,United Kingdom,K02000001,2020-06-02,605,6451
overview,United Kingdom,K02000001,2020-06-03,599,6254
overview,United Kingdom,K02000001,2020-06-04,486,5996
overview,United Kingdom,K02000001,2020-06-05,400,5841
overview,United Kingdom,K02000001,2020-06-06,423,5631
overview,United Kingdom,K02000001,2020-06-07,431,5430
overview,United Kingdom,K02000001,2020-06-08,461,5409
overview,United Kingdom,K02000001,2020-06-09,497,5230
overview,United Kingdom,K02000001,2020-06-10,440,4972
overview,United Kingdom,K02000001,2020-06-11,413,4732
overview,United Kingdom,K02000001,2020-06-12,358,4662
overview,United Kingdom,K02000001,2020-06-13,426,4520
overview,United Kingdom,K02000001,2020-06-14,423,4519
overview,United Kingdom,K02000001,2020-06-15,428,4489
overview,United Kingdom,K02000001,2020-06-16,434,4490
overview,United Kingdom,K02000001,2020-06-17,409,4348
overview,United Kingdom,K02000001,2020-06-18,342,4217
overview,United Kingdom,K02000001,2020-06-19,266,4078
overview,United Kingdom,K02000001,2020-06-20,288,3926
overview,United Kingdom,K02000001,2020-06-21,390,3898
overview,United Kingdom,K02000001,2020-06-22,347,3961
overview,United Kingdom,K02000001,2020-06-23,347,3841
overview,United Kingdom,K02000001,2020-06-24,361,3730
overview,United Kingdom,K02000001,2020-06-25,315,3584
overview,United Kingdom,K02000001,2020-06-26,298,3361
overview,United Kingdom,K02000001,2020-06-27,231,3284
overview,United Kingdom,K02000001,2020-06-28,224,3308
overview,United Kingdom,K02000001,2020-06-29,237,3490
overview,United Kingdom,K02000001,2020-06-30,306,3144
overview,United Kingdom,K02000001,2020-07-01,217,2963
overview,United Kingdom,K02000001,2020-07-02,210,2842
overview,United Kingdom,K02000001,2020-07-03,186,2720
overview,United Kingdom,K02000001,2020-07-04,212,2588
overview,United Kingdom,K02000001,2020-07-05,215,2549
overview,United Kingdom,K02000001,2020-07-06,200,2495
overview,United Kingdom,K02000001,2020-07-07,206,2392
overview,United Kingdom,K02000001,2020-07-08,201,2251
overview,United Kingdom,K02000001,2020-07-09,179,2172
