areaCode,areaName,areaType,date,hospitalCases,newAdmissions
E92000001,England,nation,2021-05-17,798,
E92000001,England,nation,2021-05-16,801,
E92000001,England,nation,2021-05-15,810,70
E92000001,England,nation,2021-05-14,818,72
E92000001,England,nation,2021-05-13,845,74
E92000001,England,nation,2021-05-12,907,93
E92000001,England,nation,2021-05-11,921,79
E92000001,England,nation,2021-05-10,944,76
E92000001,England,nation,2021-05-09,933,76
E92000001,England,nation,2021-05-08,948,80
E92000001,England,nation,2021-05-07,973,77
E92000001,England,nation,2021-05-06,976,88
E92000001,England,nation,2021-05-05,1032,96
E92000001,England,nation,2021-05-04,1093,76
E92000001,England,nation,2021-05-03,1096,98
E92000001,England,nation,2021-05-02,1082,92
E92000001,England,nation,2021-05-01,1071,68
E92000001,England,nation,2021-04-30,1161,82
E92000001,England,nation,2021-04-29,1235,80
E92000001,England,nation,2021-04-28,1278,89
E92000001,England,nation,2021-04-27,1310,128
E92000001,England,nation,2021-04-26,1393,108
E92000001,England,nation,2021-04-25,1377,107
E92000001,England,nation,2021-04-24,1401,99
E92000001,England,nation,2021-04-23,1478,124
E92000001,England,nation,2021-04-22,1523,92
E92000001,England,nation,2021-04-21,1609,126
E92000001,England,nation,2021-04-20,1649,98
E92000001,England,nation,2021-04-19,1732,138
E92000001,England,nation,2021-04-18,1691,112
E92000001,England,nation,2021-04-17,1735,135
E92000001,England,nation,2021-04-16,1844,118
E92000001,England,nation,2021-04-15,1885,127
E92000001,England,nation,2021-04-14,1972,156
E92000001,England,nation,2021-04-13,2057,153
E92000001,England,nation,2021-04-12,2108,173
E92000001,England,nation,2021-04-11,2096,175
E92000001,England,nation,2021-04-10,2190,151
E92000001,England,nation,2021-04-09,2321,167
E92000001,England,nation,2021-04-08,2382,167
E92000001,England,nation,2021-04-07,2486,189
E92000001,England,nation,2021-04-06,2588,183
E92000001,England,nation,2021-04-05,2680,188
E92000001,England,nation,2021-04-04,2672,156
E92000001,England,nation,2021-04-03,2677,179
E92000001,England,nation,2021-04-02,2784,178
E92000001,England,nation,2021-04-01,2928,180
E92000001,England,nation,2021-03-31,3084,225
E92000001,England,nation,2021-03-30,3283,217
E92000001,England,nation,2021-03-29,3466,206
E92000001,England,nation,2021-03-28,3438,221
E92000001,England,nation,2021-03-27,3676,217
E92000001,England,nation,2021-03-26,3712,245
E92000001,England,nation,2021-03-25,3763,288
E92000001,England,nation,2021-03-24,4005,277
E92000001,England,nation,2021-03-23,4245,295
E92000001,England,nation,2021-03-22,4501,294
E92000001,England,nation,2021-03-21,4492,279
E92000001,England,nation,2021-03-20,4589,287
E92000001,England,nation,2021-03-19,4841,283
E92000001,England,nation,2021-03-18,5083,351
E92000001,England,nation,2021-03-17,5397,343
E92000001,England,nation,2021-03-16,5664,364
E92000001,England,nation,2021-03-15,5976,431
E92000001,England,nation,2021-03-14,6039,357
E92000001,England,nation,2021-03-13,6072,385
E92000001,England,nation,2021-03-12,6391,386
E92000001,England,nation,2021-03-11,6687,449
E92000001,England,nation,2021-03-10,6975,494
E92000001,England,nation,2021-03-09,7451,483
E92000001,England,nation,2021-03-08,7847,501
E92000001,England,nation,2021-03-07,7812,461
E92000001,England,nation,2021-03-06,8021,528
E92000001,England,nation,2021-03-05,8594,487
E92000001,England,nation,2021-03-04,9092,596
E92000001,England,nation,2021-03-03,9594,607
E92000001,England,nation,2021-03-02,10121,683
E92000001,England,nation,2021-03-01,10765,704
E92000001,England,nation,2021-02-28,10663,662
E92000001,England,nation,2021-02-27,11090,624
E92000001,England,nation,2021-02-26,11781,718
E92000001,England,nation,2021-02-25,12449,832
E92000001,England,nation,2021-02-24,13007,874
E92000001,England,nation,2021-02-23,13511,976
E92000001,England,nation,2021-02-22,14137,980
E92000001,England,nation,2021-02-21,14142,1009
E92000001,England,nation,2021-02-20,14316,904
E92000001,England,nation,2021-02-19,15018,1068
E92000001,England,nation,2021-02-18,15633,1149
E92000001,England,nation,2021-02-17,16458,1233
E92000001,England,nation,2021-02-16,17093,1311
E92000001,England,nation,2021-02-15,17730,1322
E92000001,England,nation,2021-02-14,17787,1364
E92000001,England,nation,2021-02-13,17694,1240
E92000001,England,nation,2021-02-12,19009,1318
E92000001,England,nation,2021-02-11,19983,1440
E92000001,England,nation,2021-02-10,20926,1535
E92000001,England,nation,2021-02-09,22067,1531
E92000001,England,nation,2021-02-08,23020,1739
E92000001,England,nation,2021-02-07,22991,1675
E92000001,England,nation,2021-02-06,23042,1679
E92000001,England,nation,2021-02-05,24402,1757
E92000001,England,nation,2021-02-04,25334,1907
E92000001,England,nation,2021-02-03,26374,2096
E92000001,England,nation,2021-02-02,27397,2222
E92000001,England,nation,2021-02-01,28539,2347
E92000001,England,nation,2021-01-31,28112,2183
E92000001,England,nation,2021-01-30,28571,2193
E92000001,England,nation,2021-01-29,29359,2379
E92000001,England,nation,2021-01-28,30333,2719
E92000001,England,nation,2021-01-27,30846,2742
E92000001,England,nation,2021-01-26,32337,2799
E92000001,England,nation,2021-01-25,32938,2648
E92000001,England,nation,2021-01-24,32907,2824
E92000001,England,nation,2021-01-23,32614,2780
E92000001,England,nation,2021-01-22,33412,3016
E92000001,England,nation,2021-01-21,33235,3237
E92000001,England,nation,2021-01-20,33886,3679
E92000001,England,nation,2021-01-19,34015,3768
E92000001,England,nation,2021-01-18,34336,3711
E92000001,England,nation,2021-01-17,33352,3424
E92000001,England,nation,2021-01-16,32923,3569
E92000001,England,nation,2021-01-15,33362,3295
E92000001,England,nation,2021-01-14,32925,3678
E92000001,England,nation,2021-01-13,32689,3840
E92000001,England,nation,2021-01-12,32202,4134
E92000001,England,nation,2021-01-11,32070,3894
E92000001,England,nation,2021-01-10,30758,3571
E92000001,England,nation,2021-01-09,29462,3718
E92000001,England,nation,2021-01-08,29346,3549
E92000001,England,nation,2021-01-07,28246,3849
E92000001,England,nation,2021-01-06,27727,3967
E92000001,England,nation,2021-01-05,26467,3697
E92000001,England,nation,2021-01-04,26626,3587
E92000001,England,nation,2021-01-03,24957,3351
E92000001,England,nation,2021-01-02,23557,3145
E92000001,England,nation,2021-01-01,22534,3010
E92000001,England,nation,2020-12-31,22728,2536
E92000001,England,nation,2020-12-30,22713,2861
E92000001,England,nation,2020-12-29,21787,2886
E92000001,England,nation,2020-12-28,20426,2795
E92000001,England,nation,2020-12-27,19277,2572
E92000001,England,nation,2020-12-26,18350,2298
E92000001,England,nation,2020-12-25,17701,1952
E92000001,England,nation,2020-12-24,18227,1795
E92000001,England,nation,2020-12-23,17834,1980
E92000001,England,nation,2020-12-22,18063,2203
E92000001,England,nation,2020-12-21,17709,2115
E92000001,England,nation,2020-12-20,16633,1976
E92000001,England,nation,2020-12-19,16183,1812
E92000001,England,nation,2020-12-18,15866,1672
E92000001,England,nation,2020-12-17,15741,1873
E92000001,England,nation,2020-12-16,15465,1796
E92000001,England,nation,2020-12-15,15031,1730
E92000001,England,nation,2020-12-14,15053,1746
E92000001,England,nation,2020-12-13,14460,1581
E92000001,England,nation,2020-12-12,13927,1587
E92000001,England,nation,2020-12-11,13901,1450
E92000001,England,nation,2020-12-10,13796,1524
E92000001,England,nation,2020-12-09,13467,1550
E92000001,England,nation,2020-12-08,13629,1528
E92000001,England,nation,2020-12-07,13616,1466
E92000001,England,nation,2020-12-06,13189,1311
E92000001,England,nation,2020-12-05,12968,1186
E92000001,England,nation,2020-12-04,12987,1248
E92000001,England,nation,2020-12-03,12896,1337
E92000001,England,nation,2020-12-02,13212,1262
E92000001,England,nation,2020-12-01,13507,1271
E92000001,England,nation,2020-11-30,13756,1216
E92000001,England,nation,2020-11-29,13521,1215
E92000001,England,nation,2020-11-28,13208,1065
E92000001,England,nation,2020-11-27,13754,1055
E92000001,England,nation,2020-11-26,13908,1198
E92000001,England,nation,2020-11-25,14240,1415
E92000001,England,nation,2020-11-24,14506,1277
E92000001,England,nation,2020-11-23,14712,1385
E92000001,England,nation,2020-11-22,14354,1333
E92000001,England,nation,2020-11-21,14118,1255
E92000001,England,nation,2020-11-20,14236,1316
E92000001,England,nation,2020-11-19,14479,1484
E92000001,England,nation,2020-11-18,14490,1571
E92000001,England,nation,2020-11-17,14411,1491
E92000001,England,nation,2020-11-16,14313,1560
E92000001,England,nation,2020-11-15,13886,1467
E92000001,England,nation,2020-11-14,13399,1388
E92000001,England,nation,2020-11-13,13328,1433
E92000001,England,nation,2020-11-12,12967,1666
E92000001,England,nation,2020-11-11,12730,1711
E92000001,England,nation,2020-11-10,12033,1592
E92000001,England,nation,2020-11-09,12259,1551
E92000001,England,nation,2020-11-08,11680,1488
E92000001,England,nation,2020-11-07,11514,1319
E92000001,England,nation,2020-11-06,11181,1182
E92000001,England,nation,2020-11-05,10994,1346
E92000001,England,nation,2020-11-04,11037,1382
E92000001,England,nation,2020-11-03,10971,1246
E92000001,England,nation,2020-11-02,10397,1331
E92000001,England,nation,2020-11-01,9623,1280
E92000001,England,nation,2020-10-31,9782,1240
E92000001,England,nation,2020-10-30,9295,1109
E92000001,England,nation,2020-10-29,9127,1345
E92000001,England,nation,2020-10-28,9070,1239
E92000001,England,nation,2020-10-27,8595,1190
E92000001,England,nation,2020-10-26,7856,1279
E92000001,England,nation,2020-10-25,7612,1186
E92000001,England,nation,2020-10-24,7176,990
E92000001,England,nation,2020-10-23,6842,997
E92000001,England,nation,2020-10-22,6345,987
E92000001,England,nation,2020-10-21,6271,997
E92000001,England,nation,2020-10-20,6072,925
E92000001,England,nation,2020-10-19,5644,861
E92000001,England,nation,2020-10-18,5202,870
E92000001,England,nation,2020-10-17,5029,785
E92000001,England,nation,2020-10-16,4854,632
E92000001,England,nation,2020-10-15,4569,792
E92000001,England,nation,2020-10-14,4313,706
E92000001,England,nation,2020-10-13,4105,764
E92000001,England,nation,2020-10-12,3827,664
E92000001,England,nation,2020-10-11,3604,628
E92000001,England,nation,2020-10-10,3369,515
E92000001,England,nation,2020-10-09,3238,544
E92000001,England,nation,2020-10-08,3179,513
E92000001,England,nation,2020-10-07,3066,491
E92000001,England,nation,2020-10-06,2903,524
E92000001,England,nation,2020-10-05,2705,472
E92000001,England,nation,2020-10-04,2435,478
E92000001,England,nation,2020-10-03,2290,386
E92000001,England,nation,2020-10-02,2180,371
E92000001,England,nation,2020-10-01,2069,368
E92000001,England,nation,2020-09-30,2036,328
E92000001,England,nation,2020-09-29,1954,310
E92000001,England,nation,2020-09-28,1955,308
E92000001,England,nation,2020-09-27,1793,241
E92000001,England,nation,2020-09-26,1689,245
E92000001,England,nation,2020-09-25,1686,274
E92000001,England,nation,2020-09-24,1546,288
E92000001,England,nation,2020-09-23,1439,314
E92000001,England,nation,2020-09-22,1378,268
E92000001,England,nation,2020-09-21,1299,275
E92000001,England,nation,2020-09-20,1174,237
E92000001,England,nation,2020-09-19,1081,204
E92000001,England,nation,2020-09-18,1020,205
E92000001,England,nation,2020-09-17,984,199
E92000001,England,nation,2020-09-16,929,183
E92000001,England,nation,2020-09-15,891,194
E92000001,England,nation,2020-09-14,812,172
E92000001,England,nation,2020-09-13,691,153
E92000001,England,nation,2020-09-12,663,143
E92000001,England,nation,2020-09-11,622,135
E92000001,England,nation,2020-09-10,572,143
E92000001,England,nation,2020-09-09,557,136
E92000001,England,nation,2020-09-08,535,99
E92000001,England,nation,2020-09-07,555,84
E92000001,England,nation,2020-09-06,483,85
E92000001,England,nation,2020-09-05,471,94
E92000001,England,nation,2020-09-04,474,67
E92000001,England,nation,2020-09-03,468,69
E92000001,England,nation,2020-09-02,451,79
E92000001,England,nation,2020-09-01,496,58
E92000001,England,nation,2020-08-31,495,52
E92000001,England,nation,2020-08-30,479,38
E92000001,England,nation,2020-08-29,478,52
E92000001,England,nation,2020-08-28,469,44
E92000001,England,nation,2020-08-27,492,69
E92000001,England,nation,2020-08-26,485,52
E92000001,England,nation,2020-08-25,500,60
E92000001,England,nation,2020-08-24,522,41
E92000001,England,nation,2020-08-23,522,44
E92000001,England,nation,2020-08-22,594,25
E92000001,England,nation,2020-08-21,528,49
E92000001,England,nation,2020-08-20,551,45
E92000001,England,nation,2020-08-19,571,58
E92000001,England,nation,2020-08-18,597,56
E92000001,England,nation,2020-08-17,626,46
E92000001,England,nation,2020-08-16,634,39
E92000001,England,nation,2020-08-15,630,38
E92000001,England,nation,2020-08-14,642,55
E92000001,England,nation,2020-08-13,652,60
E92000001,England,nation,2020-08-12,642,51
E92000001,England,nation,2020-08-11,672,63
E92000001,England,nation,2020-08-10,714,50
E92000001,England,nation,2020-08-09,611,53
E92000001,England,nation,2020-08-08,650,78
E92000001,England,nation,2020-08-07,711,60
E92000001,England,nation,2020-08-06,756,52
E92000001,England,nation,2020-08-05,805,60
E92000001,England,nation,2020-08-04,807,58
E92000001,England,nation,2020-08-03,842,74
E92000001,England,nation,2020-08-02,847,57
E92000001,England,nation,2020-08-01,879,50
E92000001,England,nation,2020-07-31,870,55
E92000001,England,nation,2020-07-30,898,75
E92000001,England,nation,2020-07-29,927,63
E92000001,England,nation,2020-07-28,944,69
E92000001,England,nation,2020-07-27,945,82
E92000001,England,nation,2020-07-26,965,64
E92000001,England,nation,2020-07-25,977,65
E92000001,England,nation,2020-07-24,1018,93
E92000001,England,nation,2020-07-23,1095,109
E92000001,England,nation,2020-07-22,1305,82
E92000001,England,nation,2020-07-21,1188,79
E92000001,England,nation,2020-07-20,1278,86
E92000001,England,nation,2020-07-19,1301,72
E92000001,England,nation,2020-07-18,1321,48
E92000001,England,nation,2020-07-17,1346,83
E92000001,England,nation,2020-07-16,1348,114
E92000001,England,nation,2020-07-15,1489,116
E92000001,England,nation,2020-07-14,1506,122
E92000001,England,nation,2020-07-13,1612,137
E92000001,England,nation,2020-07-12,1611,72
E92000001,England,nation,2020-07-11,1640,97
E92000001,England,nation,2020-07-10,1746,104
E92000001,England,nation,2020-07-09,1801,136
E92000001,England,nation,2020-07-08,1888,141
E92000001,England,nation,2020-07-07,2010,148
E92000001,England,nation,2020-07-06,2099,150
E92000001,England,nation,2020-07-05,2100,131
E92000001,England,nation,2020-07-04,2152,120
E92000001,England,nation,2020-07-03,2294,146
E92000001,England,nation,2020-07-02,2410,149
E92000001,England,nation,2020-07-01,2509,201
E92000001,England,nation,2020-06-30,2665,189
E92000001,England,nation,2020-06-29,3024,172
E92000001,England,nation,2020-06-28,2818,155
E92000001,England,nation,2020-06-27,2819,209
E92000001,England,nation,2020-06-26,2859,248
E92000001,England,nation,2020-06-25,3066,256
E92000001,England,nation,2020-06-24,3223,262
E92000001,England,nation,2020-06-23,3288,275
E92000001,England,nation,2020-06-22,3417,318
E92000001,England,nation,2020-06-21,3373,215
E92000001,England,nation,2020-06-20,3423,184
E92000001,England,nation,2020-06-19,3575,253
E92000001,England,nation,2020-06-18,3681,312
E92000001,England,nation,2020-06-17,3826,334
E92000001,England,nation,2020-06-16,3934,354
E92000001,England,nation,2020-06-15,3920,365
E92000001,England,nation,2020-06-14,3973,306
E92000001,England,nation,2020-06-13,4000,265
E92000001,England,nation,2020-06-12,4136,298
E92000001,England,nation,2020-06-11,4179,330
E92000001,England,nation,2020-06-10,4447,402
E92000001,England,nation,2020-06-09,4665,397
E92000001,England,nation,2020-06-08,4830,348
E92000001,England,nation,2020-06-07,4820,323
E92000001,England,nation,2020-06-06,5004,306
E92000001,England,nation,2020-06-05,5213,380
E92000001,England,nation,2020-06-04,5398,458
E92000001,England,nation,2020-06-03,5600,491
E92000001,England,nation,2020-06-02,5827,553
E92000001,England,nation,2020-06-01,5954,522
E92000001,England,nation,2020-05-31,5933,446
E92000001,England,nation,2020-05-30,5972,466
E92000001,England,nation,2020-05-29,6250,499
E92000001,England,nation,2020-05-28,6528,570
E92000001,England,nation,2020-05-27,6836,589
E92000001,England,nation,2020-05-26,7305,578
E92000001,England,nation,2020-05-25,7448,498
E92000001,England,nation,2020-05-24,7415,497
E92000001,England,nation,2020-05-23,7428,504
E92000001,England,nation,2020-05-22,7761,638
E92000001,England,nation,2020-05-21,7903,715
E92000001,England,nation,2020-05-20,8115,732
E92000001,England,nation,2020-05-19,8518,752
E92000001,England,nation,2020-05-18,8668,733
E92000001,England,nation,2020-05-17,8611,673
E92000001,England,nation,2020-05-16,8643,671
E92000001,England,nation,2020-05-15,9079,738
E92000001,England,nation,2020-05-14,9231,763
E92000001,England,nation,2020-05-13,9602,804
E92000001,England,nation,2020-05-12,9791,844
E92000001,England,nation,2020-05-11,10109,866
E92000001,England,nation,2020-05-10,9893,756
E92000001,England,nation,2020-05-09,10176,798
E92000001,England,nation,2020-05-08,10249,743
E92000001,England,nation,2020-05-07,10726,998
E92000001,England,nation,2020-05-06,11227,1040
E92000001,England,nation,2020-05-05,11754,959
E92000001,England,nation,2020-05-04,12020,1063
E92000001,England,nation,2020-05-03,12119,1044
E92000001,England,nation,2020-05-02,12314,980
E92000001,England,nation,2020-05-01,12623,1081
E92000001,England,nation,2020-04-30,12922,1227
E92000001,England,nation,2020-04-29,13224,1295
E92000001,England,nation,2020-04-28,13565,1296
E92000001,England,nation,2020-04-27,14255,1344
E92000001,England,nation,2020-04-26,14174,1208
E92000001,England,nation,2020-04-25,14202,1080
E92000001,England,nation,2020-04-24,14642,1277
E92000001,England,nation,2020-04-23,15402,1289
E92000001,England,nation,2020-04-22,16018,1310
E92000001,England,nation,2020-04-21,16517,1495
E92000001,England,nation,2020-04-20,16654,1522
E92000001,England,nation,2020-04-19,16928,1475
E92000001,England,nation,2020-04-18,16850,1411
E92000001,England,nation,2020-04-17,16728,1674
E92000001,England,nation,2020-04-16,17783,1777
E92000001,England,nation,2020-04-15,17934,1608
E92000001,England,nation,2020-04-14,18552,1859
E92000001,England,nation,2020-04-13,18621,1912
E92000001,England,nation,2020-04-12,18974,1791
E92000001,England,nation,2020-04-11,18604,1955
E92000001,England,nation,2020-04-10,18669,2196
E92000001,England,nation,2020-04-09,18423,2340
E92000001,England,nation,2020-04-08,18152,2619
E92000001,England,nation,2020-04-07,17814,2744
E92000001,England,nation,2020-04-06,17154,2679
E92000001,England,nation,2020-04-05,16657,2592
E92000001,England,nation,2020-04-04,15469,2593
E92000001,England,nation,2020-04-03,13635,2564
E92000001,England,nation,2020-04-02,12135,2932
E92000001,England,nation,2020-04-01,12059,3099
E92000001,England,nation,2020-03-31,11154,2447
E92000001,England,nation,2020-03-30,9852,2817
E92000001,England,nation,2020-03-29,8424,2186
E92000001,England,nation,2020-03-28,7269,1873
E92000001,England,nation,2020-03-27,6462,1931
E92000001,England,nation,2020-03-26,5226,1639
E92000001,England,nation,2020-03-25,4402,1755
E92000001,England,nation,2020-03-24,3598,1544
E92000001,England,nation,2020-03-23,3183,1128
E92000001,England,nation,2020-03-22,2670,859
E92000001,England,nation,2020-03-21,2152,777
E92000001,England,nation,2020-03-20,1580,691
E92000001,England,nation,2020-03-19,,586
N92000002,Northern Ireland,nation,2021-05-16,32,0
N92000002,Northern Ireland,nation,2021-05-15,34,0
N92000002,Northern Ireland,nation,2021-05-14,36,1
N92000002,Northern Ireland,nation,2021-05-13,40,1
N92000002,Northern Ireland,nation,2021-05-12,45,2
N92000002,Northern Ireland,nation,2021-05-11,50,2
N92000002,Northern Ireland,nation,2021-05-10,56,3
N92000002,Northern Ireland,nation,2021-05-09,59,3
N92000002,Northern Ireland,nation,2021-05-08,57,2
N92000002,Northern Ireland,nation,2021-05-07,57,4
N92000002,Northern Ireland,nation,2021-05-06,64,1
N92000002,Northern Ireland,nation,2021-05-05,69,3
N92000002,Northern Ireland,nation,2021-05-04,74,2
N92000002,Northern Ireland,nation,2021-05-03,75,6
N92000002,Northern Ireland,nation,2021-05-02,70,0
N92000002,Northern Ireland,nation,2021-05-01,73,4
N92000002,Northern Ireland,nation,2021-04-30,72,7
N92000002,Northern Ireland,nation,2021-04-29,69,3
N92000002,Northern Ireland,nation,2021-04-28,74,3
N92000002,Northern Ireland,nation,2021-04-27,75,9
N92000002,Northern Ireland,nation,2021-04-26,73,4
N92000002,Northern Ireland,nation,2021-04-25,75,4
N92000002,Northern Ireland,nation,2021-04-24,72,6
N92000002,Northern Ireland,nation,2021-04-23,72,8
N92000002,Northern Ireland,nation,2021-04-22,72,4
N92000002,Northern Ireland,nation,2021-04-21,74,10
N92000002,Northern Ireland,nation,2021-04-20,68,4
N92000002,Northern Ireland,nation,2021-04-19,72,5
N92000002,Northern Ireland,nation,2021-04-18,77,2
N92000002,Northern Ireland,nation,2021-04-17,78,3
N92000002,Northern Ireland,nation,2021-04-16,79,6
N92000002,Northern Ireland,nation,2021-04-15,76,4
N92000002,Northern Ireland,nation,2021-04-14,78,5
N92000002,Northern Ireland,nation,2021-04-13,83,5
N92000002,Northern Ireland,nation,2021-04-12,87,3
N92000002,Northern Ireland,nation,2021-04-11,95,2
N92000002,Northern Ireland,nation,2021-04-10,97,8
N92000002,Northern Ireland,nation,2021-04-09,95,2
N92000002,Northern Ireland,nation,2021-04-08,108,4
N92000002,Northern Ireland,nation,2021-04-07,115,6
N92000002,Northern Ireland,nation,2021-04-06,115,5
N92000002,Northern Ireland,nation,2021-04-05,115,2
N92000002,Northern Ireland,nation,2021-04-04,121,5
N92000002,Northern Ireland,nation,2021-04-03,122,5
N92000002,Northern Ireland,nation,2021-04-02,127,9
N92000002,Northern Ireland,nation,2021-04-01,132,11
N92000002,Northern Ireland,nation,2021-03-31,130,6
N92000002,Northern Ireland,nation,2021-03-30,136,3
N92000002,Northern Ireland,nation,2021-03-29,151,12
N92000002,Northern Ireland,nation,2021-03-28,160,8
N92000002,Northern Ireland,nation,2021-03-27,156,6
N92000002,Northern Ireland,nation,2021-03-26,155,12
N92000002,Northern Ireland,nation,2021-03-25,166,4
N92000002,Northern Ireland,nation,2021-03-24,181,10
N92000002,Northern Ireland,nation,2021-03-23,182,8
N92000002,Northern Ireland,nation,2021-03-22,183,5
N92000002,Northern Ireland,nation,2021-03-21,197,7
N92000002,Northern Ireland,nation,2021-03-20,196,7
N92000002,Northern Ireland,nation,2021-03-19,197,18
N92000002,Northern Ireland,nation,2021-03-18,203,9
N92000002,Northern Ireland,nation,2021-03-17,209,12
N92000002,Northern Ireland,nation,2021-03-16,203,13
N92000002,Northern Ireland,nation,2021-03-15,208,9
N92000002,Northern Ireland,nation,2021-03-14,216,5
N92000002,Northern Ireland,nation,2021-03-13,219,13
N92000002,Northern Ireland,nation,2021-03-12,214,17
N92000002,Northern Ireland,nation,2021-03-11,220,19
N92000002,Northern Ireland,nation,2021-03-10,221,9
N92000002,Northern Ireland,nation,2021-03-09,244,11
N92000002,Northern Ireland,nation,2021-03-08,261,16
N92000002,Northern Ireland,nation,2021-03-07,261,12
N92000002,Northern Ireland,nation,2021-03-06,258,13
N92000002,Northern Ireland,nation,2021-03-05,259,13
N92000002,Northern Ireland,nation,2021-03-04,277,14
N92000002,Northern Ireland,nation,2021-03-03,288,15
N92000002,Northern Ireland,nation,2021-03-02,310,15
N92000002,Northern Ireland,nation,2021-03-01,334,23
N92000002,Northern Ireland,nation,2021-02-28,342,8
N92000002,Northern Ireland,nation,2021-02-27,346,13
N92000002,Northern Ireland,nation,2021-02-26,349,18
N92000002,Northern Ireland,nation,2021-02-25,376,19
N92000002,Northern Ireland,nation,2021-02-24,390,21
N92000002,Northern Ireland,nation,2021-02-23,412,26
N92000002,Northern Ireland,nation,2021-02-22,428,22
N92000002,Northern Ireland,nation,2021-02-21,446,14
N92000002,Northern Ireland,nation,2021-02-20,450,22
N92000002,Northern Ireland,nation,2021-02-19,449,25
N92000002,Northern Ireland,nation,2021-02-18,463,34
N92000002,Northern Ireland,nation,2021-02-17,474,19
N92000002,Northern Ireland,nation,2021-02-16,492,23
N92000002,Northern Ireland,nation,2021-02-15,523,31
N92000002,Northern Ireland,nation,2021-02-14,529,17
N92000002,Northern Ireland,nation,2021-02-13,524,18
N92000002,Northern Ireland,nation,2021-02-12,525,22
N92000002,Northern Ireland,nation,2021-02-11,557,39
N92000002,Northern Ireland,nation,2021-02-10,581,25
N92000002,Northern Ireland,nation,2021-02-09,609,40
N92000002,Northern Ireland,nation,2021-02-08,636,33
N92000002,Northern Ireland,nation,2021-02-07,674,24
N92000002,Northern Ireland,nation,2021-02-06,672,35
N92000002,Northern Ireland,nation,2021-02-05,678,41
N92000002,Northern Ireland,nation,2021-02-04,723,31
N92000002,Northern Ireland,nation,2021-02-03,767,45
N92000002,Northern Ireland,nation,2021-02-02,797,50
N92000002,Northern Ireland,nation,2021-02-01,825,52
N92000002,Northern Ireland,nation,2021-01-31,854,41
N92000002,Northern Ireland,nation,2021-01-30,848,57
N92000002,Northern Ireland,nation,2021-01-29,843,59
N92000002,Northern Ireland,nation,2021-01-28,868,54
N92000002,Northern Ireland,nation,2021-01-27,902,50
N92000002,Northern Ireland,nation,2021-01-26,940,70
N92000002,Northern Ireland,nation,2021-01-25,966,61
N92000002,Northern Ireland,nation,2021-01-24,992,59
N92000002,Northern Ireland,nation,2021-01-23,968,54
N92000002,Northern Ireland,nation,2021-01-22,964,74
N92000002,Northern Ireland,nation,2021-01-21,983,88
N92000002,Northern Ireland,nation,2021-01-20,979,79
N92000002,Northern Ireland,nation,2021-01-19,997,70
N92000002,Northern Ireland,nation,2021-01-18,1023,77
N92000002,Northern Ireland,nation,2021-01-17,1040,73
N92000002,Northern Ireland,nation,2021-01-16,1032,92
N92000002,Northern Ireland,nation,2021-01-15,1010,80
N92000002,Northern Ireland,nation,2021-01-14,1040,99
N92000002,Northern Ireland,nation,2021-01-13,1051,75
N92000002,Northern Ireland,nation,2021-01-12,1049,90
N92000002,Northern Ireland,nation,2021-01-11,1044,90
N92000002,Northern Ireland,nation,2021-01-10,1048,103
N92000002,Northern Ireland,nation,2021-01-09,995,88
N92000002,Northern Ireland,nation,2021-01-08,962,110
N92000002,Northern Ireland,nation,2021-01-07,925,83
N92000002,Northern Ireland,nation,2021-01-06,916,80
N92000002,Northern Ireland,nation,2021-01-05,903,80
N92000002,Northern Ireland,nation,2021-01-04,896,76
N92000002,Northern Ireland,nation,2021-01-03,887,75
N92000002,Northern Ireland,nation,2021-01-02,849,58
N92000002,Northern Ireland,nation,2021-01-01,822,70
N92000002,Northern Ireland,nation,2020-12-31,790,71
N92000002,Northern Ireland,nation,2020-12-30,799,75
N92000002,Northern Ireland,nation,2020-12-29,775,74
N92000002,Northern Ireland,nation,2020-12-28,737,58
N92000002,Northern Ireland,nation,2020-12-27,710,60
N92000002,Northern Ireland,nation,2020-12-26,677,50
N92000002,Northern Ireland,nation,2020-12-25,645,45
N92000002,Northern Ireland,nation,2020-12-24,628,46
N92000002,Northern Ireland,nation,2020-12-23,641,51
N92000002,Northern Ireland,nation,2020-12-22,651,50
N92000002,Northern Ireland,nation,2020-12-21,661,57
N92000002,Northern Ireland,nation,2020-12-20,656,34
N92000002,Northern Ireland,nation,2020-12-19,640,32
N92000002,Northern Ireland,nation,2020-12-18,632,42
N92000002,Northern Ireland,nation,2020-12-17,642,45
N92000002,Northern Ireland,nation,2020-12-16,661,43
N92000002,Northern Ireland,nation,2020-12-15,663,56
N92000002,Northern Ireland,nation,2020-12-14,651,50
N92000002,Northern Ireland,nation,2020-12-13,637,39
N92000002,Northern Ireland,nation,2020-12-12,617,41
N92000002,Northern Ireland,nation,2020-12-11,599,30
N92000002,Northern Ireland,nation,2020-12-10,614,31
N92000002,Northern Ireland,nation,2020-12-09,611,34
N92000002,Northern Ireland,nation,2020-12-08,633,53
N92000002,Northern Ireland,nation,2020-12-07,616,42
N92000002,Northern Ireland,nation,2020-12-06,620,32
N92000002,Northern Ireland,nation,2020-12-05,607,33
N92000002,Northern Ireland,nation,2020-12-04,599,40
N92000002,Northern Ireland,nation,2020-12-03,592,40
N92000002,Northern Ireland,nation,2020-12-02,592,38
N92000002,Northern Ireland,nation,2020-12-01,612,36
N92000002,Northern Ireland,nation,2020-11-30,616,40
N92000002,Northern Ireland,nation,2020-11-29,617,31
N92000002,Northern Ireland,nation,2020-11-28,597,27
N92000002,Northern Ireland,nation,2020-11-27,589,47
N92000002,Northern Ireland,nation,2020-11-26,595,31
N92000002,Northern Ireland,nation,2020-11-25,608,43
N92000002,Northern Ireland,nation,2020-11-24,607,39
N92000002,Northern Ireland,nation,2020-11-23,610,25
N92000002,Northern Ireland,nation,2020-11-22,635,29
N92000002,Northern Ireland,nation,2020-11-21,626,35
N92000002,Northern Ireland,nation,2020-11-20,614,50
N92000002,Northern Ireland,nation,2020-11-19,626,39
N92000002,Northern Ireland,nation,2020-11-18,631,39
N92000002,Northern Ireland,nation,2020-11-17,631,44
N92000002,Northern Ireland,nation,2020-11-16,642,45
N92000002,Northern Ireland,nation,2020-11-15,629,44
N92000002,Northern Ireland,nation,2020-11-14,618,39
N92000002,Northern Ireland,nation,2020-11-13,616,35
N92000002,Northern Ireland,nation,2020-11-12,635,37
N92000002,Northern Ireland,nation,2020-11-11,643,50
N92000002,Northern Ireland,nation,2020-11-10,645,52
N92000002,Northern Ireland,nation,2020-11-09,623,50
N92000002,Northern Ireland,nation,2020-11-08,627,48
N92000002,Northern Ireland,nation,2020-11-07,600,41
N92000002,Northern Ireland,nation,2020-11-06,593,55
N92000002,Northern Ireland,nation,2020-11-05,601,41
N92000002,Northern Ireland,nation,2020-11-04,607,53
N92000002,Northern Ireland,nation,2020-11-03,612,59
N92000002,Northern Ireland,nation,2020-11-02,604,55
N92000002,Northern Ireland,nation,2020-11-01,592,37
N92000002,Northern Ireland,nation,2020-10-31,577,37
N92000002,Northern Ireland,nation,2020-10-30,557,48
N92000002,Northern Ireland,nation,2020-10-29,562,58
N92000002,Northern Ireland,nation,2020-10-28,549,41
N92000002,Northern Ireland,nation,2020-10-27,555,57
N92000002,Northern Ireland,nation,2020-10-26,544,47
N92000002,Northern Ireland,nation,2020-10-25,544,47
N92000002,Northern Ireland,nation,2020-10-24,524,54
N92000002,Northern Ireland,nation,2020-10-23,497,48
N92000002,Northern Ireland,nation,2020-10-22,481,54
N92000002,Northern Ireland,nation,2020-10-21,464,43
N92000002,Northern Ireland,nation,2020-10-20,464,54
N92000002,Northern Ireland,nation,2020-10-19,443,46
N92000002,Northern Ireland,nation,2020-10-18,433,45
N92000002,Northern Ireland,nation,2020-10-17,407,46
N92000002,Northern Ireland,nation,2020-10-16,373,48
N92000002,Northern Ireland,nation,2020-10-15,349,46
N92000002,Northern Ireland,nation,2020-10-14,331,37
N92000002,Northern Ireland,nation,2020-10-13,316,44
N92000002,Northern Ireland,nation,2020-10-12,297,32
N92000002,Northern Ireland,nation,2020-10-11,289,37
N92000002,Northern Ireland,nation,2020-10-10,264,31
N92000002,Northern Ireland,nation,2020-10-09,243,23
N92000002,Northern Ireland,nation,2020-10-08,244,30
N92000002,Northern Ireland,nation,2020-10-07,230,30
N92000002,Northern Ireland,nation,2020-10-06,215,27
N92000002,Northern Ireland,nation,2020-10-05,197,25
N92000002,Northern Ireland,nation,2020-10-04,181,17
N92000002,Northern Ireland,nation,2020-10-03,166,22
N92000002,Northern Ireland,nation,2020-10-02,150,10
N92000002,Northern Ireland,nation,2020-10-01,155,18
N92000002,Northern Ireland,nation,2020-09-30,146,16
N92000002,Northern Ireland,nation,2020-09-29,138,9
N92000002,Northern Ireland,nation,2020-09-28,134,21
N92000002,Northern Ireland,nation,2020-09-27,118,12
N92000002,Northern Ireland,nation,2020-09-26,109,11
N92000002,Northern Ireland,nation,2020-09-25,100,6
N92000002,Northern Ireland,nation,2020-09-24,100,8
N92000002,Northern Ireland,nation,2020-09-23,97,13
N92000002,Northern Ireland,nation,2020-09-22,92,8
N92000002,Northern Ireland,nation,2020-09-21,87,11
N92000002,Northern Ireland,nation,2020-09-20,79,6
N92000002,Northern Ireland,nation,2020-09-19,73,4
N92000002,Northern Ireland,nation,2020-09-18,72,3
N92000002,Northern Ireland,nation,2020-09-17,71,4
N92000002,Northern Ireland,nation,2020-09-16,72,3
N92000002,Northern Ireland,nation,2020-09-15,74,4
N92000002,Northern Ireland,nation,2020-09-14,74,8
N92000002,Northern Ireland,nation,2020-09-13,71,6
N92000002,Northern Ireland,nation,2020-09-12,65,4
N92000002,Northern Ireland,nation,2020-09-11,61,7
N92000002,Northern Ireland,nation,2020-09-10,58,7
N92000002,Northern Ireland,nation,2020-09-09,56,3
N92000002,Northern Ireland,nation,2020-09-08,57,9
N92000002,Northern Ireland,nation,2020-09-07,53,1
N92000002,Northern Ireland,nation,2020-09-06,54,4
N92000002,Northern Ireland,nation,2020-09-05,51,1
N92000002,Northern Ireland,nation,2020-09-04,51,2
N92000002,Northern Ireland,nation,2020-09-03,52,3
N92000002,Northern Ireland,nation,2020-09-02,52,0
N92000002,Northern Ireland,nation,2020-09-01,58,4
N92000002,Northern Ireland,nation,2020-08-31,58,5
N92000002,Northern Ireland,nation,2020-08-30,53,3
N92000002,Northern Ireland,nation,2020-08-29,54,2
N92000002,Northern Ireland,nation,2020-08-28,52,5
N92000002,Northern Ireland,nation,2020-08-27,49,4
N92000002,Northern Ireland,nation,2020-08-26,46,0
N92000002,Northern Ireland,nation,2020-08-25,52,2
N92000002,Northern Ireland,nation,2020-08-24,55,6
N92000002,Northern Ireland,nation,2020-08-23,51,3
N92000002,Northern Ireland,nation,2020-08-22,50,3
N92000002,Northern Ireland,nation,2020-08-21,51,2
N92000002,Northern Ireland,nation,2020-08-20,50,6
N92000002,Northern Ireland,nation,2020-08-19,45,6
N92000002,Northern Ireland,nation,2020-08-18,40,6
N92000002,Northern Ireland,nation,2020-08-17,36,6
N92000002,Northern Ireland,nation,2020-08-16,30,2
N92000002,Northern Ireland,nation,2020-08-15,30,2
N92000002,Northern Ireland,nation,2020-08-14,29,2
N92000002,Northern Ireland,nation,2020-08-13,29,4
N92000002,Northern Ireland,nation,2020-08-12,27,3
N92000002,Northern Ireland,nation,2020-08-11,28,2
N92000002,Northern Ireland,nation,2020-08-10,27,0
N92000002,Northern Ireland,nation,2020-08-09,28,2
N92000002,Northern Ireland,nation,2020-08-08,27,5
N92000002,Northern Ireland,nation,2020-08-07,24,0
N92000002,Northern Ireland,nation,2020-08-06,25,3
N92000002,Northern Ireland,nation,2020-08-05,22,1
N92000002,Northern Ireland,nation,2020-08-04,23,1
N92000002,Northern Ireland,nation,2020-08-03,24,3
N92000002,Northern Ireland,nation,2020-08-02,25,1
N92000002,Northern Ireland,nation,2020-08-01,26,3
N92000002,Northern Ireland,nation,2020-07-31,24,2
N92000002,Northern Ireland,nation,2020-07-30,23,1
N92000002,Northern Ireland,nation,2020-07-29,25,2
N92000002,Northern Ireland,nation,2020-07-28,24,1
N92000002,Northern Ireland,nation,2020-07-27,24,2
N92000002,Northern Ireland,nation,2020-07-26,23,0
N92000002,Northern Ireland,nation,2020-07-25,24,1
N92000002,Northern Ireland,nation,2020-07-24,25,3
N92000002,Northern Ireland,nation,2020-07-23,24,0
N92000002,Northern Ireland,nation,2020-07-22,24,2
N92000002,Northern Ireland,nation,2020-07-21,25,0
N92000002,Northern Ireland,nation,2020-07-20,27,1
N92000002,Northern Ireland,nation,2020-07-19,26,1
N92000002,Northern Ireland,nation,2020-07-18,25,2
N92000002,Northern Ireland,nation,2020-07-17,23,0
N92000002,Northern Ireland,nation,2020-07-16,25,2
N92000002,Northern Ireland,nation,2020-07-15,25,1
N92000002,Northern Ireland,nation,2020-07-14,24,0
N92000002,Northern Ireland,nation,2020-07-13,25,1
N92000002,Northern Ireland,nation,2020-07-12,26,0
N92000002,Northern Ireland,nation,2020-07-11,28,1
N92000002,Northern Ireland,nation,2020-07-10,27,0
N92000002,Northern Ireland,nation,2020-07-09,29,2
N92000002,Northern Ireland,nation,2020-07-08,31,3
N92000002,Northern Ireland,nation,2020-07-07,31,1
N92000002,Northern Ireland,nation,2020-07-06,30,1
N92000002,Northern Ireland,nation,2020-07-05,30,0
N92000002,Northern Ireland,nation,2020-07-04,30,3
N92000002,Northern Ireland,nation,2020-07-03,28,1
N92000002,Northern Ireland,nation,2020-07-02,31,2
N92000002,Northern Ireland,nation,2020-07-01,32,0
N92000002,Northern Ireland,nation,2020-06-30,34,2
N92000002,Northern Ireland,nation,2020-06-29,36,0
N92000002,Northern Ireland,nation,2020-06-28,40,3
N92000002,Northern Ireland,nation,2020-06-27,37,0
N92000002,Northern Ireland,nation,2020-06-26,40,2
N92000002,Northern Ireland,nation,2020-06-25,47,2
N92000002,Northern Ireland,nation,2020-06-24,48,1
N92000002,Northern Ireland,nation,2020-06-23,53,3
N92000002,Northern Ireland,nation,2020-06-22,52,2
N92000002,Northern Ireland,nation,2020-06-21,51,4
N92000002,Northern Ireland,nation,2020-06-20,47,3
N92000002,Northern Ireland,nation,2020-06-19,45,1
N92000002,Northern Ireland,nation,2020-06-18,50,0
N92000002,Northern Ireland,nation,2020-06-17,53,1
N92000002,Northern Ireland,nation,2020-06-16,59,1
N92000002,Northern Ireland,nation,2020-06-15,66,0
N92000002,Northern Ireland,nation,2020-06-14,67,0
N92000002,Northern Ireland,nation,2020-06-13,68,2
N92000002,Northern Ireland,nation,2020-06-12,70,2
N92000002,Northern Ireland,nation,2020-06-11,76,5
N92000002,Northern Ireland,nation,2020-06-10,82,5
N92000002,Northern Ireland,nation,2020-06-09,84,6
N92000002,Northern Ireland,nation,2020-06-08,89,2
N92000002,Northern Ireland,nation,2020-06-07,89,1
N92000002,Northern Ireland,nation,2020-06-06,89,3
N92000002,Northern Ireland,nation,2020-06-05,92,3
N92000002,Northern Ireland,nation,2020-06-04,96,3
N92000002,Northern Ireland,nation,2020-06-03,108,3
N92000002,Northern Ireland,nation,2020-06-02,119,4
N92000002,Northern Ireland,nation,2020-06-01,127,3
N92000002,Northern Ireland,nation,2020-05-31,139,4
N92000002,Northern Ireland,nation,2020-05-30,137,5
N92000002,Northern Ireland,nation,2020-05-29,136,6
N92000002,Northern Ireland,nation,2020-05-28,144,6
N92000002,Northern Ireland,nation,2020-05-27,149,6
N92000002,Northern Ireland,nation,2020-05-26,158,10
N92000002,Northern Ireland,nation,2020-05-25,159,9
N92000002,Northern Ireland,nation,2020-05-24,161,4
N92000002,Northern Ireland,nation,2020-05-23,162,4
N92000002,Northern Ireland,nation,2020-05-22,164,5
N92000002,Northern Ireland,nation,2020-05-21,172,8
N92000002,Northern Ireland,nation,2020-05-20,181,5
N92000002,Northern Ireland,nation,2020-05-19,197,10
N92000002,Northern Ireland,nation,2020-05-18,202,11
N92000002,Northern Ireland,nation,2020-05-17,208,12
N92000002,Northern Ireland,nation,2020-05-16,206,7
N92000002,Northern Ireland,nation,2020-05-15,210,11
N92000002,Northern Ireland,nation,2020-05-14,226,13
N92000002,Northern Ireland,nation,2020-05-13,245,16
N92000002,Northern Ireland,nation,2020-05-12,244,10
N92000002,Northern Ireland,nation,2020-05-11,248,22
N92000002,Northern Ireland,nation,2020-05-10,241,18
N92000002,Northern Ireland,nation,2020-05-09,232,19
N92000002,Northern Ireland,nation,2020-05-08,220,7
N92000002,Northern Ireland,nation,2020-05-07,231,12
N92000002,Northern Ireland,nation,2020-05-06,239,17
N92000002,Northern Ireland,nation,2020-05-05,243,11
N92000002,Northern Ireland,nation,2020-05-04,260,13
N92000002,Northern Ireland,nation,2020-05-03,264,10
N92000002,Northern Ireland,nation,2020-05-02,268,12
N92000002,Northern Ireland,nation,2020-05-01,269,19
N92000002,Northern Ireland,nation,2020-04-30,275,27
N92000002,Northern Ireland,nation,2020-04-29,270,17
N92000002,Northern Ireland,nation,2020-04-28,277,11
N92000002,Northern Ireland,nation,2020-04-27,286,23
N92000002,Northern Ireland,nation,2020-04-26,289,11
N92000002,Northern Ireland,nation,2020-04-25,298,19
N92000002,Northern Ireland,nation,2020-04-24,295,22
N92000002,Northern Ireland,nation,2020-04-23,301,23
N92000002,Northern Ireland,nation,2020-04-22,310,27
N92000002,Northern Ireland,nation,2020-04-21,312,31
N92000002,Northern Ireland,nation,2020-04-20,304,33
N92000002,Northern Ireland,nation,2020-04-19,298,22
N92000002,Northern Ireland,nation,2020-04-18,287,15
N92000002,Northern Ireland,nation,2020-04-17,290,32
N92000002,Northern Ireland,nation,2020-04-16,283,33
N92000002,Northern Ireland,nation,2020-04-15,278,23
N92000002,Northern Ireland,nation,2020-04-14,296,22
N92000002,Northern Ireland,nation,2020-04-13,308,17
N92000002,Northern Ireland,nation,2020-04-12,316,22
N92000002,Northern Ireland,nation,2020-04-11,318,22
N92000002,Northern Ireland,nation,2020-04-10,317,20
N92000002,Northern Ireland,nation,2020-04-09,347,33
N92000002,Northern Ireland,nation,2020-04-08,357,32
N92000002,Northern Ireland,nation,2020-04-07,354,39
N92000002,Northern Ireland,nation,2020-04-06,346,42
N92000002,Northern Ireland,nation,2020-04-05,330,29
N92000002,Northern Ireland,nation,2020-04-04,330,41
N92000002,Northern Ireland,nation,2020-04-03,306,44
N92000002,Northern Ireland,nation,2020-04-02,305,44
N92000002,Northern Ireland,nation,2020-04-01,280,45
N92000002,Northern Ireland,nation,2020-03-31,252,43
N92000002,Northern Ireland,nation,2020-03-30,227,35
N92000002,Northern Ireland,nation,2020-03-29,207,34
N92000002,Northern Ireland,nation,2020-03-28,188,37
N92000002,Northern Ireland,nation,2020-03-27,158,30
N92000002,Northern Ireland,nation,2020-03-26,140,28
N92000002,Northern Ireland,nation,2020-03-25,116,29
N92000002,Northern Ireland,nation,2020-03-24,94,15
N92000002,Northern Ireland,nation,2020-03-23,87,18
N92000002,Northern Ireland,nation,2020-03-22,77,10
N92000002,Northern Ireland,nation,2020-03-21,70,15
N92000002,Northern Ireland,nation,2020-03-20,56,12
N92000002,Northern Ireland,nation,2020-03-19,44,5
N92000002,Northern Ireland,nation,2020-03-18,43,8
N92000002,Northern Ireland,nation,2020-03-17,37,5
N92000002,Northern Ireland,nation,2020-03-16,35,4
N92000002,Northern Ireland,nation,2020-03-15,31,1
N92000002,Northern Ireland,nation,2020-03-14,31,2
N92000002,Northern Ireland,nation,2020-03-13,29,2
N92000002,Northern Ireland,nation,2020-03-12,28,3
N92000002,Northern Ireland,nation,2020-03-11,25,4
N92000002,Northern Ireland,nation,2020-03-10,21,4
N92000002,Northern Ireland,nation,2020-03-09,17,1
N92000002,Northern Ireland,nation,2020-03-08,16,0
N92000002,Northern Ireland,nation,2020-03-07,16,0
N92000002,Northern Ireland,nation,2020-03-06,16,3
N92000002,Northern Ireland,nation,2020-03-05,13,1
N92000002,Northern Ireland,nation,2020-03-04,12,0
N92000002,Northern Ireland,nation,2020-03-03,12,0
N92000002,Northern Ireland,nation,2020-03-02,12,1
N92000002,Northern Ireland,nation,2020-03-01,11,
S92000003,Scotland,nation,2021-05-17,68,
S92000003,Scotland,nation,2021-05-16,61,
S92000003,Scotland,nation,2021-05-15,69,
S92000003,Scotland,nation,2021-05-14,64,
S92000003,Scotland,nation,2021-05-13,63,
S92000003,Scotland,nation,2021-05-12,65,8
S92000003,Scotland,nation,2021-05-11,70,9
S92000003,Scotland,nation,2021-05-10,72,6
S92000003,Scotland,nation,2021-05-09,65,10
S92000003,Scotland,nation,2021-05-08,64,9
S92000003,Scotland,nation,2021-05-07,68,9
S92000003,Scotland,nation,2021-05-06,58,16
S92000003,Scotland,nation,2021-05-05,69,5
S92000003,Scotland,nation,2021-05-04,58,9
S92000003,Scotland,nation,2021-05-03,65,6
S92000003,Scotland,nation,2021-05-02,68,6
S92000003,Scotland,nation,2021-05-01,65,7
S92000003,Scotland,nation,2021-04-30,67,9
S92000003,Scotland,nation,2021-04-29,70,8
S92000003,Scotland,nation,2021-04-28,75,4
S92000003,Scotland,nation,2021-04-27,81,9
S92000003,Scotland,nation,2021-04-26,93,11
S92000003,Scotland,nation,2021-04-25,89,9
S92000003,Scotland,nation,2021-04-24,94,8
S92000003,Scotland,nation,2021-04-23,93,12
S92000003,Scotland,nation,2021-04-22,93,10
S92000003,Scotland,nation,2021-04-21,107,12
S92000003,Scotland,nation,2021-04-20,106,10
S92000003,Scotland,nation,2021-04-19,104,13
S92000003,Scotland,nation,2021-04-18,104,12
S92000003,Scotland,nation,2021-04-17,105,9
S92000003,Scotland,nation,2021-04-16,109,12
S92000003,Scotland,nation,2021-04-15,115,14
S92000003,Scotland,nation,2021-04-14,119,15
S92000003,Scotland,nation,2021-04-13,133,11
S92000003,Scotland,nation,2021-04-12,154,12
S92000003,Scotland,nation,2021-04-11,149,11
S92000003,Scotland,nation,2021-04-10,160,11
S92000003,Scotland,nation,2021-04-09,167,19
S92000003,Scotland,nation,2021-04-08,174,19
S92000003,Scotland,nation,2021-04-07,192,21
S92000003,Scotland,nation,2021-04-06,196,17
S92000003,Scotland,nation,2021-04-05,202,27
S92000003,Scotland,nation,2021-04-04,193,14
S92000003,Scotland,nation,2021-04-03,201,16
S92000003,Scotland,nation,2021-04-02,207,25
S92000003,Scotland,nation,2021-04-01,215,22
S92000003,Scotland,nation,2021-03-31,237,21
S92000003,Scotland,nation,2021-03-30,250,19
S92000003,Scotland,nation,2021-03-29,259,21
S92000003,Scotland,nation,2021-03-28,264,24
S92000003,Scotland,nation,2021-03-27,283,18
S92000003,Scotland,nation,2021-03-26,296,23
S92000003,Scotland,nation,2021-03-25,310,27
S92000003,Scotland,nation,2021-03-24,321,26
S92000003,Scotland,nation,2021-03-23,341,27
S92000003,Scotland,nation,2021-03-22,353,31
S92000003,Scotland,nation,2021-03-21,344,28
S92000003,Scotland,nation,2021-03-20,367,19
S92000003,Scotland,nation,2021-03-19,397,23
S92000003,Scotland,nation,2021-03-18,405,30
S92000003,Scotland,nation,2021-03-17,422,36
S92000003,Scotland,nation,2021-03-16,440,24
S92000003,Scotland,nation,2021-03-15,447,37
S92000003,Scotland,nation,2021-03-14,461,23
S92000003,Scotland,nation,2021-03-13,479,27
S92000003,Scotland,nation,2021-03-12,512,38
S92000003,Scotland,nation,2021-03-11,525,34
S92000003,Scotland,nation,2021-03-10,582,34
S92000003,Scotland,nation,2021-03-09,614,44
S92000003,Scotland,nation,2021-03-08,654,33
S92000003,Scotland,nation,2021-03-07,628,24
S92000003,Scotland,nation,2021-03-06,639,35
S92000003,Scotland,nation,2021-03-05,666,38
S92000003,Scotland,nation,2021-03-04,718,43
S92000003,Scotland,nation,2021-03-03,750,40
S92000003,Scotland,nation,2021-03-02,784,63
S92000003,Scotland,nation,2021-03-01,824,64
S92000003,Scotland,nation,2021-02-28,837,52
S92000003,Scotland,nation,2021-02-27,898,49
S92000003,Scotland,nation,2021-02-26,924,60
S92000003,Scotland,nation,2021-02-25,967,48
S92000003,Scotland,nation,2021-02-24,1018,55
S92000003,Scotland,nation,2021-02-23,1076,64
S92000003,Scotland,nation,2021-02-22,1141,72
S92000003,Scotland,nation,2021-02-21,1132,67
S92000003,Scotland,nation,2021-02-20,1154,78
S92000003,Scotland,nation,2021-02-19,1222,88
S92000003,Scotland,nation,2021-02-18,1261,74
S92000003,Scotland,nation,2021-02-17,1317,70
S92000003,Scotland,nation,2021-02-16,1383,95
S92000003,Scotland,nation,2021-02-15,1428,87
S92000003,Scotland,nation,2021-02-14,1443,62
S92000003,Scotland,nation,2021-02-13,1449,69
S92000003,Scotland,nation,2021-02-12,1472,91
S92000003,Scotland,nation,2021-02-11,1499,93
S92000003,Scotland,nation,2021-02-10,1542,80
S92000003,Scotland,nation,2021-02-09,1618,95
S92000003,Scotland,nation,2021-02-08,1672,82
S92000003,Scotland,nation,2021-02-07,1710,93
S92000003,Scotland,nation,2021-02-06,1729,89
S92000003,Scotland,nation,2021-02-05,1794,113
S92000003,Scotland,nation,2021-02-04,1812,111
S92000003,Scotland,nation,2021-02-03,1865,109
S92000003,Scotland,nation,2021-02-02,1934,108
S92000003,Scotland,nation,2021-02-01,1958,121
S92000003,Scotland,nation,2021-01-31,1941,101
S92000003,Scotland,nation,2021-01-30,1952,119
S92000003,Scotland,nation,2021-01-29,1958,150
S92000003,Scotland,nation,2021-01-28,1983,136
S92000003,Scotland,nation,2021-01-27,2016,153
S92000003,Scotland,nation,2021-01-26,2010,156
S92000003,Scotland,nation,2021-01-25,2016,146
S92000003,Scotland,nation,2021-01-24,2010,117
S92000003,Scotland,nation,2021-01-23,2026,142
S92000003,Scotland,nation,2021-01-22,2053,168
S92000003,Scotland,nation,2021-01-21,2004,191
S92000003,Scotland,nation,2021-01-20,2003,176
S92000003,Scotland,nation,2021-01-19,1989,196
S92000003,Scotland,nation,2021-01-18,1959,172
S92000003,Scotland,nation,2021-01-17,1918,158
S92000003,Scotland,nation,2021-01-16,1893,168
S92000003,Scotland,nation,2021-01-15,1881,176
S92000003,Scotland,nation,2021-01-14,1840,201
S92000003,Scotland,nation,2021-01-13,1794,179
S92000003,Scotland,nation,2021-01-12,1717,205
S92000003,Scotland,nation,2021-01-11,1664,241
S92000003,Scotland,nation,2021-01-10,1598,164
S92000003,Scotland,nation,2021-01-09,1596,180
S92000003,Scotland,nation,2021-01-08,1530,197
S92000003,Scotland,nation,2021-01-07,1467,200
S92000003,Scotland,nation,2021-01-06,1384,202
S92000003,Scotland,nation,2021-01-05,1347,193
S92000003,Scotland,nation,2021-01-04,1282,187
S92000003,Scotland,nation,2021-01-03,1246,136
S92000003,Scotland,nation,2021-01-02,1212,151
S92000003,Scotland,nation,2021-01-01,1189,134
S92000003,Scotland,nation,2020-12-31,1174,167
S92000003,Scotland,nation,2020-12-30,1133,186
S92000003,Scotland,nation,2020-12-29,1092,153
S92000003,Scotland,nation,2020-12-28,1040,153
S92000003,Scotland,nation,2020-12-27,993,142
S92000003,Scotland,nation,2020-12-26,985,109
S92000003,Scotland,nation,2020-12-25,973,79
S92000003,Scotland,nation,2020-12-24,1008,95
S92000003,Scotland,nation,2020-12-23,1025,100
S92000003,Scotland,nation,2020-12-22,1045,102
S92000003,Scotland,nation,2020-12-21,1078,105
S92000003,Scotland,nation,2020-12-20,1061,68
S92000003,Scotland,nation,2020-12-19,1033,93
S92000003,Scotland,nation,2020-12-18,1032,85
S92000003,Scotland,nation,2020-12-17,1012,98
S92000003,Scotland,nation,2020-12-16,1031,109
S92000003,Scotland,nation,2020-12-15,996,83
S92000003,Scotland,nation,2020-12-14,1012,92
S92000003,Scotland,nation,2020-12-13,1015,69
S92000003,Scotland,nation,2020-12-12,994,69
S92000003,Scotland,nation,2020-12-11,999,90
S92000003,Scotland,nation,2020-12-10,984,91
S92000003,Scotland,nation,2020-12-09,972,93
S92000003,Scotland,nation,2020-12-08,983,104
S92000003,Scotland,nation,2020-12-07,974,89
S92000003,Scotland,nation,2020-12-06,951,65
S92000003,Scotland,nation,2020-12-05,945,78
S92000003,Scotland,nation,2020-12-04,965,87
S92000003,Scotland,nation,2020-12-03,982,75
S92000003,Scotland,nation,2020-12-02,991,104
S92000003,Scotland,nation,2020-12-01,1021,82
S92000003,Scotland,nation,2020-11-30,1041,86
S92000003,Scotland,nation,2020-11-29,1049,65
S92000003,Scotland,nation,2020-11-28,1074,62
S92000003,Scotland,nation,2020-11-27,1099,92
S92000003,Scotland,nation,2020-11-26,1125,102
S92000003,Scotland,nation,2020-11-25,1156,85
S92000003,Scotland,nation,2020-11-24,1197,102
S92000003,Scotland,nation,2020-11-23,1208,106
S92000003,Scotland,nation,2020-11-22,1170,64
S92000003,Scotland,nation,2020-11-21,1194,86
S92000003,Scotland,nation,2020-11-20,1234,104
S92000003,Scotland,nation,2020-11-19,1212,95
S92000003,Scotland,nation,2020-11-18,1241,92
S92000003,Scotland,nation,2020-11-17,1249,108
S92000003,Scotland,nation,2020-11-16,1227,92
S92000003,Scotland,nation,2020-11-15,1241,90
S92000003,Scotland,nation,2020-11-14,1198,96
S92000003,Scotland,nation,2020-11-13,1228,106
S92000003,Scotland,nation,2020-11-12,1207,111
S92000003,Scotland,nation,2020-11-11,1235,114
S92000003,Scotland,nation,2020-11-10,1239,99
S92000003,Scotland,nation,2020-11-09,1226,97
S92000003,Scotland,nation,2020-11-08,1245,76
S92000003,Scotland,nation,2020-11-07,1245,83
S92000003,Scotland,nation,2020-11-06,1237,95
S92000003,Scotland,nation,2020-11-05,1252,97
S92000003,Scotland,nation,2020-11-04,1257,113
S92000003,Scotland,nation,2020-11-03,1264,106
S92000003,Scotland,nation,2020-11-02,1235,105
S92000003,Scotland,nation,2020-11-01,1193,94
S92000003,Scotland,nation,2020-10-31,1149,101
S92000003,Scotland,nation,2020-10-30,1171,119
S92000003,Scotland,nation,2020-10-29,1152,95
S92000003,Scotland,nation,2020-10-28,1117,122
S92000003,Scotland,nation,2020-10-27,1100,128
S92000003,Scotland,nation,2020-10-26,1052,130
S92000003,Scotland,nation,2020-10-25,1016,109
S92000003,Scotland,nation,2020-10-24,985,114
S92000003,Scotland,nation,2020-10-23,975,122
S92000003,Scotland,nation,2020-10-22,934,127
S92000003,Scotland,nation,2020-10-21,873,126
S92000003,Scotland,nation,2020-10-20,824,131
S92000003,Scotland,nation,2020-10-19,755,127
S92000003,Scotland,nation,2020-10-18,712,83
S92000003,Scotland,nation,2020-10-17,672,82
S92000003,Scotland,nation,2020-10-16,627,126
S92000003,Scotland,nation,2020-10-15,601,104
S92000003,Scotland,nation,2020-10-14,570,114
S92000003,Scotland,nation,2020-10-13,527,116
S92000003,Scotland,nation,2020-10-12,487,102
S92000003,Scotland,nation,2020-10-11,449,79
S92000003,Scotland,nation,2020-10-10,432,71
S92000003,Scotland,nation,2020-10-09,397,76
S92000003,Scotland,nation,2020-10-08,377,92
S92000003,Scotland,nation,2020-10-07,319,78
S92000003,Scotland,nation,2020-10-06,262,91
S92000003,Scotland,nation,2020-10-05,218,67
S92000003,Scotland,nation,2020-10-04,210,41
S92000003,Scotland,nation,2020-10-03,191,44
S92000003,Scotland,nation,2020-10-02,175,53
S92000003,Scotland,nation,2020-10-01,154,60
S92000003,Scotland,nation,2020-09-30,137,47
S92000003,Scotland,nation,2020-09-29,123,31
S92000003,Scotland,nation,2020-09-28,122,43
S92000003,Scotland,nation,2020-09-27,105,31
S92000003,Scotland,nation,2020-09-26,99,34
S92000003,Scotland,nation,2020-09-25,89,36
S92000003,Scotland,nation,2020-09-24,85,32
S92000003,Scotland,nation,2020-09-23,83,24
S92000003,Scotland,nation,2020-09-22,73,31
S92000003,Scotland,nation,2020-09-21,73,24
S92000003,Scotland,nation,2020-09-20,63,18
S92000003,Scotland,nation,2020-09-19,64,18
S92000003,Scotland,nation,2020-09-18,61,13
S92000003,Scotland,nation,2020-09-17,52,18
S92000003,Scotland,nation,2020-09-16,51,33
S92000003,Scotland,nation,2020-09-15,48,19
S92000003,Scotland,nation,2020-09-14,51,16
S92000003,Scotland,nation,2020-09-13,45,12
S92000003,Scotland,nation,2020-09-12,42,14
S92000003,Scotland,nation,2020-09-11,45,19
S92000003,Scotland,nation,2020-09-10,266,19
S92000003,Scotland,nation,2020-09-09,274,7
S92000003,Scotland,nation,2020-09-08,267,11
S92000003,Scotland,nation,2020-09-07,256,11
S92000003,Scotland,nation,2020-09-06,245,7
S92000003,Scotland,nation,2020-09-05,251,8
S92000003,Scotland,nation,2020-09-04,258,15
S92000003,Scotland,nation,2020-09-03,259,3
S92000003,Scotland,nation,2020-09-02,258,8
S92000003,Scotland,nation,2020-09-01,264,3
S92000003,Scotland,nation,2020-08-31,258,5
S92000003,Scotland,nation,2020-08-30,251,3
S92000003,Scotland,nation,2020-08-29,258,4
S92000003,Scotland,nation,2020-08-28,255,5
S92000003,Scotland,nation,2020-08-27,257,9
S92000003,Scotland,nation,2020-08-26,249,11
S92000003,Scotland,nation,2020-08-25,243,10
S92000003,Scotland,nation,2020-08-24,248,8
S92000003,Scotland,nation,2020-08-23,245,1
S92000003,Scotland,nation,2020-08-22,246,5
S92000003,Scotland,nation,2020-08-21,254,4
S92000003,Scotland,nation,2020-08-20,249,8
S92000003,Scotland,nation,2020-08-19,248,6
S92000003,Scotland,nation,2020-08-18,254,5
S92000003,Scotland,nation,2020-08-17,248,6
S92000003,Scotland,nation,2020-08-16,243,2
S92000003,Scotland,nation,2020-08-15,244,7
S92000003,Scotland,nation,2020-08-14,253,6
S92000003,Scotland,nation,2020-08-13,258,3
S92000003,Scotland,nation,2020-08-12,265,2
S92000003,Scotland,nation,2020-08-11,269,2
S92000003,Scotland,nation,2020-08-10,267,5
S92000003,Scotland,nation,2020-08-09,261,0
S92000003,Scotland,nation,2020-08-08,261,3
S92000003,Scotland,nation,2020-08-07,262,4
S92000003,Scotland,nation,2020-08-06,270,1
S92000003,Scotland,nation,2020-08-05,267,5
S92000003,Scotland,nation,2020-08-04,270,3
S92000003,Scotland,nation,2020-08-03,265,4
S92000003,Scotland,nation,2020-08-02,265,0
S92000003,Scotland,nation,2020-08-01,260,2
S92000003,Scotland,nation,2020-07-31,255,3
S92000003,Scotland,nation,2020-07-30,260,3
S92000003,Scotland,nation,2020-07-29,260,3
S92000003,Scotland,nation,2020-07-28,264,0
S92000003,Scotland,nation,2020-07-27,270,3
S92000003,Scotland,nation,2020-07-26,267,0
S92000003,Scotland,nation,2020-07-25,270,5
S92000003,Scotland,nation,2020-07-24,278,1
S92000003,Scotland,nation,2020-07-23,287,3
S92000003,Scotland,nation,2020-07-22,295,2
S92000003,Scotland,nation,2020-07-21,303,1
S92000003,Scotland,nation,2020-07-20,299,0
S92000003,Scotland,nation,2020-07-19,302,2
S92000003,Scotland,nation,2020-07-18,305,1
S92000003,Scotland,nation,2020-07-17,316,2
S92000003,Scotland,nation,2020-07-16,320,2
S92000003,Scotland,nation,2020-07-15,329,1
S92000003,Scotland,nation,2020-07-14,327,0
S92000003,Scotland,nation,2020-07-13,335,1
S92000003,Scotland,nation,2020-07-12,330,1
S92000003,Scotland,nation,2020-07-11,323,3
S92000003,Scotland,nation,2020-07-10,337,4
S92000003,Scotland,nation,2020-07-09,342,0
S92000003,Scotland,nation,2020-07-08,358,1
S92000003,Scotland,nation,2020-07-07,376,1
S92000003,Scotland,nation,2020-07-06,384,3
S92000003,Scotland,nation,2020-07-05,424,2
S92000003,Scotland,nation,2020-07-04,429,1
S92000003,Scotland,nation,2020-07-03,422,2
S92000003,Scotland,nation,2020-07-02,432,2
S92000003,Scotland,nation,2020-07-01,439,2
S92000003,Scotland,nation,2020-06-30,450,0
S92000003,Scotland,nation,2020-06-29,453,2
S92000003,Scotland,nation,2020-06-28,453,3
S92000003,Scotland,nation,2020-06-27,456,4
S92000003,Scotland,nation,2020-06-26,467,2
S92000003,Scotland,nation,2020-06-25,472,2
S92000003,Scotland,nation,2020-06-24,489,4
S92000003,Scotland,nation,2020-06-23,512,6
S92000003,Scotland,nation,2020-06-22,515,7
S92000003,Scotland,nation,2020-06-21,518,1
S92000003,Scotland,nation,2020-06-20,511,2
S92000003,Scotland,nation,2020-06-19,518,4
S92000003,Scotland,nation,2020-06-18,544,4
S92000003,Scotland,nation,2020-06-17,552,6
S92000003,Scotland,nation,2020-06-16,567,5
S92000003,Scotland,nation,2020-06-15,578,7
S92000003,Scotland,nation,2020-06-14,575,6
S92000003,Scotland,nation,2020-06-13,582,4
S92000003,Scotland,nation,2020-06-12,590,2
S92000003,Scotland,nation,2020-06-11,610,7
S92000003,Scotland,nation,2020-06-10,623,8
S92000003,Scotland,nation,2020-06-09,641,5
S92000003,Scotland,nation,2020-06-08,655,3
S92000003,Scotland,nation,2020-06-07,646,8
S92000003,Scotland,nation,2020-06-06,646,5
S92000003,Scotland,nation,2020-06-05,676,10
S92000003,Scotland,nation,2020-06-04,685,7
S92000003,Scotland,nation,2020-06-03,706,8
S92000003,Scotland,nation,2020-06-02,712,5
S92000003,Scotland,nation,2020-06-01,735,6
S92000003,Scotland,nation,2020-05-31,732,10
S92000003,Scotland,nation,2020-05-30,735,4
S92000003,Scotland,nation,2020-05-29,769,10
S92000003,Scotland,nation,2020-05-28,797,6
S92000003,Scotland,nation,2020-05-27,810,11
S92000003,Scotland,nation,2020-05-26,833,14
S92000003,Scotland,nation,2020-05-25,849,13
S92000003,Scotland,nation,2020-05-24,845,8
S92000003,Scotland,nation,2020-05-23,841,14
S92000003,Scotland,nation,2020-05-22,874,15
S92000003,Scotland,nation,2020-05-21,909,13
S92000003,Scotland,nation,2020-05-20,943,19
S92000003,Scotland,nation,2020-05-19,969,14
S92000003,Scotland,nation,2020-05-18,1005,27
S92000003,Scotland,nation,2020-05-17,1007,9
S92000003,Scotland,nation,2020-05-16,1011,18
S92000003,Scotland,nation,2020-05-15,1066,34
S92000003,Scotland,nation,2020-05-14,1100,28
S92000003,Scotland,nation,2020-05-13,1101,27
S92000003,Scotland,nation,2020-05-12,1131,37
S92000003,Scotland,nation,2020-05-11,1145,33
S92000003,Scotland,nation,2020-05-10,1132,27
S92000003,Scotland,nation,2020-05-09,1165,20
S92000003,Scotland,nation,2020-05-08,1168,33
S92000003,Scotland,nation,2020-05-07,1199,35
S92000003,Scotland,nation,2020-05-06,1204,46
S92000003,Scotland,nation,2020-05-05,1225,40
S92000003,Scotland,nation,2020-05-04,1279,53
S92000003,Scotland,nation,2020-05-03,1266,40
S92000003,Scotland,nation,2020-05-02,1277,46
S92000003,Scotland,nation,2020-05-01,1302,55
S92000003,Scotland,nation,2020-04-30,1324,57
S92000003,Scotland,nation,2020-04-29,1363,50
S92000003,Scotland,nation,2020-04-28,1359,71
S92000003,Scotland,nation,2020-04-27,1387,76
S92000003,Scotland,nation,2020-04-26,1382,39
S92000003,Scotland,nation,2020-04-25,1385,44
S92000003,Scotland,nation,2020-04-24,1383,91
S92000003,Scotland,nation,2020-04-23,1423,67
S92000003,Scotland,nation,2020-04-22,1432,63
S92000003,Scotland,nation,2020-04-21,1472,70
S92000003,Scotland,nation,2020-04-20,1520,68
S92000003,Scotland,nation,2020-04-19,1520,58
S92000003,Scotland,nation,2020-04-18,1501,74
S92000003,Scotland,nation,2020-04-17,1487,109
S92000003,Scotland,nation,2020-04-16,1479,97
S92000003,Scotland,nation,2020-04-15,1486,98
S92000003,Scotland,nation,2020-04-14,1514,101
S92000003,Scotland,nation,2020-04-13,1482,102
S92000003,Scotland,nation,2020-04-12,1487,85
S92000003,Scotland,nation,2020-04-11,1467,79
S92000003,Scotland,nation,2020-04-10,1461,118
S92000003,Scotland,nation,2020-04-09,1440,129
S92000003,Scotland,nation,2020-04-08,1415,158
S92000003,Scotland,nation,2020-04-07,1328,170
S92000003,Scotland,nation,2020-04-06,1262,202
S92000003,Scotland,nation,2020-04-05,1204,161
S92000003,Scotland,nation,2020-04-04,1107,153
S92000003,Scotland,nation,2020-04-03,1037,212
S92000003,Scotland,nation,2020-04-02,910,169
S92000003,Scotland,nation,2020-04-01,815,214
S92000003,Scotland,nation,2020-03-31,752,184
S92000003,Scotland,nation,2020-03-30,627,191
S92000003,Scotland,nation,2020-03-29,565,136
S92000003,Scotland,nation,2020-03-28,511,155
S92000003,Scotland,nation,2020-03-27,404,148
S92000003,Scotland,nation,2020-03-26,,155
S92000003,Scotland,nation,2020-03-25,,123
S92000003,Scotland,nation,2020-03-24,,98
S92000003,Scotland,nation,2020-03-23,,95
S92000003,Scotland,nation,2020-03-22,,52
S92000003,Scotland,nation,2020-03-21,,62
S92000003,Scotland,nation,2020-03-20,,72
S92000003,Scotland,nation,2020-03-19,,41
S92000003,Scotland,nation,2020-03-18,,43
S92000003,Scotland,nation,2020-03-17,,42
S92000003,Scotland,nation,2020-03-16,,31
S92000003,Scotland,nation,2020-03-15,,17
S92000003,Scotland,nation,2020-03-14,,22
S92000003,Scotland,nation,2020-03-13,,25
S92000003,Scotland,nation,2020-03-12,,24
S92000003,Scotland,nation,2020-03-11,,27
S92000003,Scotland,nation,2020-03-10,,30
S92000003,Scotland,nation,2020-03-09,,19
S92000003,Scotland,nation,2020-03-08,,11
S92000003,Scotland,nation,2020-03-07,,10
S92000003,Scotland,nation,2020-03-06,,21
S92000003,Scotland,nation,2020-03-05,,19
S92000003,Scotland,nation,2020-03-04,,10
S92000003,Scotland,nation,2020-03-03,,13
S92000003,Scotland,nation,2020-03-02,,11
S92000003,Scotland,nation,2020-03-01,,5
W92000004,Wales,nation,2021-05-17,35,12
W92000004,Wales,nation,2021-05-16,38,9
W92000004,Wales,nation,2021-05-15,42,14
W92000004,Wales,nation,2021-05-14,48,9
W92000004,Wales,nation,2021-05-13,44,18
W92000004,Wales,nation,2021-05-12,42,13
W92000004,Wales,nation,2021-05-11,57,13
W92000004,Wales,nation,2021-05-10,49,19
W92000004,Wales,nation,2021-05-09,53,11
W92000004,Wales,nation,2021-05-08,62,15
W92000004,Wales,nation,2021-05-07,54,13
W92000004,Wales,nation,2021-05-06,56,15
W92000004,Wales,nation,2021-05-05,63,12
W92000004,Wales,nation,2021-05-04,66,14
W92000004,Wales,nation,2021-05-03,62,13
W92000004,Wales,nation,2021-05-02,60,21
W92000004,Wales,nation,2021-05-01,73,20
W92000004,Wales,nation,2021-04-30,62,12
W92000004,Wales,nation,2021-04-29,86,9
W92000004,Wales,nation,2021-04-28,83,12
W92000004,Wales,nation,2021-04-27,102,19
W92000004,Wales,nation,2021-04-26,86,10
W92000004,Wales,nation,2021-04-25,81,17
W92000004,Wales,nation,2021-04-24,103,15
W92000004,Wales,nation,2021-04-23,103,10
W92000004,Wales,nation,2021-04-22,101,13
W92000004,Wales,nation,2021-04-21,101,23
W92000004,Wales,nation,2021-04-20,101,22
W92000004,Wales,nation,2021-04-19,97,20
W92000004,Wales,nation,2021-04-18,109,15
W92000004,Wales,nation,2021-04-17,115,10
W92000004,Wales,nation,2021-04-16,106,21
W92000004,Wales,nation,2021-04-15,117,16
W92000004,Wales,nation,2021-04-14,124,20
W92000004,Wales,nation,2021-04-13,133,11
W92000004,Wales,nation,2021-04-12,142,17
W92000004,Wales,nation,2021-04-11,208,14
W92000004,Wales,nation,2021-04-10,202,13
W92000004,Wales,nation,2021-04-09,209,16
W92000004,Wales,nation,2021-04-08,207,16
W92000004,Wales,nation,2021-04-07,225,18
W92000004,Wales,nation,2021-04-06,243,17
W92000004,Wales,nation,2021-04-05,257,17
W92000004,Wales,nation,2021-04-04,242,21
W92000004,Wales,nation,2021-04-03,243,22
W92000004,Wales,nation,2021-04-02,257,25
W92000004,Wales,nation,2021-04-01,281,21
W92000004,Wales,nation,2021-03-31,290,17
W92000004,Wales,nation,2021-03-30,306,17
W92000004,Wales,nation,2021-03-29,320,11
W92000004,Wales,nation,2021-03-28,322,19
W92000004,Wales,nation,2021-03-27,320,29
W92000004,Wales,nation,2021-03-26,322,18
W92000004,Wales,nation,2021-03-25,344,19
W92000004,Wales,nation,2021-03-24,373,35
W92000004,Wales,nation,2021-03-23,382,37
W92000004,Wales,nation,2021-03-22,394,30
W92000004,Wales,nation,2021-03-21,415,43
W92000004,Wales,nation,2021-03-20,415,51
W92000004,Wales,nation,2021-03-19,445,57
W92000004,Wales,nation,2021-03-18,459,59
W92000004,Wales,nation,2021-03-17,557,55
W92000004,Wales,nation,2021-03-16,540,39
W92000004,Wales,nation,2021-03-15,576,23
W92000004,Wales,nation,2021-03-14,599,40
W92000004,Wales,nation,2021-03-13,614,36
W92000004,Wales,nation,2021-03-12,611,39
W92000004,Wales,nation,2021-03-11,634,48
W92000004,Wales,nation,2021-03-10,658,30
W92000004,Wales,nation,2021-03-09,700,40
W92000004,Wales,nation,2021-03-08,712,26
W92000004,Wales,nation,2021-03-07,758,39
W92000004,Wales,nation,2021-03-06,793,61
W92000004,Wales,nation,2021-03-05,793,61
W92000004,Wales,nation,2021-03-04,846,50
W92000004,Wales,nation,2021-03-03,891,52
W92000004,Wales,nation,2021-03-02,924,73
W92000004,Wales,nation,2021-03-01,971,30
W92000004,Wales,nation,2021-02-28,946,47
W92000004,Wales,nation,2021-02-27,935,55
W92000004,Wales,nation,2021-02-26,1023,66
W92000004,Wales,nation,2021-02-25,1057,69
W92000004,Wales,nation,2021-02-24,1119,70
W92000004,Wales,nation,2021-02-23,1116,53
W92000004,Wales,nation,2021-02-22,1149,45
W92000004,Wales,nation,2021-02-21,1137,65
W92000004,Wales,nation,2021-02-20,1122,83
W92000004,Wales,nation,2021-02-19,1171,90
W92000004,Wales,nation,2021-02-18,1165,78
W92000004,Wales,nation,2021-02-17,1199,86
W92000004,Wales,nation,2021-02-16,1246,63
W92000004,Wales,nation,2021-02-15,1312,63
W92000004,Wales,nation,2021-02-14,1294,91
W92000004,Wales,nation,2021-02-13,1302,99
W92000004,Wales,nation,2021-02-12,1317,76
W92000004,Wales,nation,2021-02-11,1371,106
W92000004,Wales,nation,2021-02-10,1366,85
W92000004,Wales,nation,2021-02-09,1392,87
W92000004,Wales,nation,2021-02-08,1413,65
W92000004,Wales,nation,2021-02-07,1424,57
W92000004,Wales,nation,2021-02-06,1470,88
W92000004,Wales,nation,2021-02-05,1507,93
W92000004,Wales,nation,2021-02-04,1544,93
W92000004,Wales,nation,2021-02-03,1598,108
W92000004,Wales,nation,2021-02-02,1638,99
W92000004,Wales,nation,2021-02-01,1638,80
W92000004,Wales,nation,2021-01-31,1678,77
W92000004,Wales,nation,2021-01-30,1643,103
W92000004,Wales,nation,2021-01-29,1686,97
W92000004,Wales,nation,2021-01-28,1722,132
W92000004,Wales,nation,2021-01-27,1745,112
W92000004,Wales,nation,2021-01-26,1809,120
W92000004,Wales,nation,2021-01-25,1832,75
W92000004,Wales,nation,2021-01-24,1816,110
W92000004,Wales,nation,2021-01-23,1784,135
W92000004,Wales,nation,2021-01-22,1823,133
W92000004,Wales,nation,2021-01-21,1832,116
W92000004,Wales,nation,2021-01-20,1867,110
W92000004,Wales,nation,2021-01-19,1840,126
W92000004,Wales,nation,2021-01-18,1931,102
W92000004,Wales,nation,2021-01-17,1853,93
W92000004,Wales,nation,2021-01-16,1860,110
W92000004,Wales,nation,2021-01-15,1872,124
W92000004,Wales,nation,2021-01-14,1881,122
W92000004,Wales,nation,2021-01-13,1949,129
W92000004,Wales,nation,2021-01-12,2009,147
W92000004,Wales,nation,2021-01-11,1970,84
W92000004,Wales,nation,2021-01-10,1983,95
W92000004,Wales,nation,2021-01-09,1975,140
W92000004,Wales,nation,2021-01-08,1936,142
W92000004,Wales,nation,2021-01-07,1940,159
W92000004,Wales,nation,2021-01-06,1914,144
W92000004,Wales,nation,2021-01-05,1964,146
W92000004,Wales,nation,2021-01-04,1966,86
W92000004,Wales,nation,2021-01-03,1937,86
W92000004,Wales,nation,2021-01-02,1937,85
W92000004,Wales,nation,2021-01-01,1838,154
W92000004,Wales,nation,2020-12-31,1880,141
W92000004,Wales,nation,2020-12-30,1901,164
W92000004,Wales,nation,2020-12-29,1892,136
W92000004,Wales,nation,2020-12-28,1843,125
W92000004,Wales,nation,2020-12-27,1782,97
W92000004,Wales,nation,2020-12-26,1716,73
W92000004,Wales,nation,2020-12-25,1597,106
W92000004,Wales,nation,2020-12-24,1712,146
W92000004,Wales,nation,2020-12-23,1720,143
W92000004,Wales,nation,2020-12-22,1727,124
W92000004,Wales,nation,2020-12-21,1683,92
W92000004,Wales,nation,2020-12-20,1652,90
W92000004,Wales,nation,2020-12-19,1605,107
W92000004,Wales,nation,2020-12-18,1585,119
W92000004,Wales,nation,2020-12-17,1573,128
W92000004,Wales,nation,2020-12-16,1513,131
W92000004,Wales,nation,2020-12-15,1525,88
W92000004,Wales,nation,2020-12-14,1529,67
W92000004,Wales,nation,2020-12-13,1425,64
W92000004,Wales,nation,2020-12-12,1370,102
W92000004,Wales,nation,2020-12-11,1385,117
W92000004,Wales,nation,2020-12-10,1328,105
W92000004,Wales,nation,2020-12-09,1280,76
W92000004,Wales,nation,2020-12-08,1231,98
W92000004,Wales,nation,2020-12-07,1208,63
W92000004,Wales,nation,2020-12-06,1199,62
W92000004,Wales,nation,2020-12-05,1167,81
W92000004,Wales,nation,2020-12-04,1175,58
W92000004,Wales,nation,2020-12-03,1187,50
W92000004,Wales,nation,2020-12-02,1180,84
W92000004,Wales,nation,2020-12-01,1171,102
W92000004,Wales,nation,2020-11-30,1151,62
W92000004,Wales,nation,2020-11-29,1125,73
W92000004,Wales,nation,2020-11-28,1106,66
W92000004,Wales,nation,2020-11-27,1129,86
W92000004,Wales,nation,2020-11-26,1134,93
W92000004,Wales,nation,2020-11-25,1128,70
W92000004,Wales,nation,2020-11-24,1114,78
W92000004,Wales,nation,2020-11-23,1150,71
W92000004,Wales,nation,2020-11-22,1105,62
W92000004,Wales,nation,2020-11-21,1125,84
W92000004,Wales,nation,2020-11-20,1100,77
W92000004,Wales,nation,2020-11-19,1140,67
W92000004,Wales,nation,2020-11-18,1121,80
W92000004,Wales,nation,2020-11-17,1143,72
W92000004,Wales,nation,2020-11-16,1127,71
W92000004,Wales,nation,2020-11-15,1104,69
W92000004,Wales,nation,2020-11-14,1080,89
W92000004,Wales,nation,2020-11-13,1060,74
W92000004,Wales,nation,2020-11-12,1066,100
W92000004,Wales,nation,2020-11-11,1054,95
W92000004,Wales,nation,2020-11-10,1044,104
W92000004,Wales,nation,2020-11-09,1030,64
W92000004,Wales,nation,2020-11-08,992,75
W92000004,Wales,nation,2020-11-07,953,112
W92000004,Wales,nation,2020-11-06,945,82
W92000004,Wales,nation,2020-11-05,946,102
W92000004,Wales,nation,2020-11-04,914,129
W92000004,Wales,nation,2020-11-03,900,104
W92000004,Wales,nation,2020-11-02,866,75
W92000004,Wales,nation,2020-11-01,809,76
W92000004,Wales,nation,2020-10-31,794,80
W92000004,Wales,nation,2020-10-30,762,97
W92000004,Wales,nation,2020-10-29,739,86
W92000004,Wales,nation,2020-10-28,695,83
W92000004,Wales,nation,2020-10-27,685,114
W92000004,Wales,nation,2020-10-26,654,76
W92000004,Wales,nation,2020-10-25,612,78
W92000004,Wales,nation,2020-10-24,575,98
W92000004,Wales,nation,2020-10-23,571,123
W92000004,Wales,nation,2020-10-22,550,107
W92000004,Wales,nation,2020-10-21,524,92
W92000004,Wales,nation,2020-10-20,492,77
W92000004,Wales,nation,2020-10-19,491,60
W92000004,Wales,nation,2020-10-18,482,88
W92000004,Wales,nation,2020-10-17,437,112
W92000004,Wales,nation,2020-10-16,442,105
W92000004,Wales,nation,2020-10-15,414,102
W92000004,Wales,nation,2020-10-14,384,123
W92000004,Wales,nation,2020-10-13,345,98
W92000004,Wales,nation,2020-10-12,348,86
W92000004,Wales,nation,2020-10-11,327,79
W92000004,Wales,nation,2020-10-10,292,103
W92000004,Wales,nation,2020-10-09,291,60
W92000004,Wales,nation,2020-10-08,284,76
W92000004,Wales,nation,2020-10-07,277,85
W92000004,Wales,nation,2020-10-06,261,80
W92000004,Wales,nation,2020-10-05,249,59
W92000004,Wales,nation,2020-10-04,230,92
W92000004,Wales,nation,2020-10-03,220,79
W92000004,Wales,nation,2020-10-02,218,94
W92000004,Wales,nation,2020-10-01,214,79
W92000004,Wales,nation,2020-09-30,211,61
W92000004,Wales,nation,2020-09-29,205,90
W92000004,Wales,nation,2020-09-28,188,71
W92000004,Wales,nation,2020-09-27,172,56
W92000004,Wales,nation,2020-09-26,136,61
W92000004,Wales,nation,2020-09-25,145,67
W92000004,Wales,nation,2020-09-24,115,94
W92000004,Wales,nation,2020-09-23,111,70
W92000004,Wales,nation,2020-09-22,93,43
W92000004,Wales,nation,2020-09-21,99,59
W92000004,Wales,nation,2020-09-20,82,28
W92000004,Wales,nation,2020-09-19,82,34
W92000004,Wales,nation,2020-09-18,68,41
W92000004,Wales,nation,2020-09-17,55,42
W92000004,Wales,nation,2020-09-16,54,65
W92000004,Wales,nation,2020-09-15,53,53
W92000004,Wales,nation,2020-09-14,45,59
W92000004,Wales,nation,2020-09-13,36,55
W92000004,Wales,nation,2020-09-12,42,55
W92000004,Wales,nation,2020-09-11,42,70
W92000004,Wales,nation,2020-09-10,48,49
W92000004,Wales,nation,2020-09-09,37,56
W92000004,Wales,nation,2020-09-08,35,65
W92000004,Wales,nation,2020-09-07,38,46
W92000004,Wales,nation,2020-09-06,36,42
W92000004,Wales,nation,2020-09-05,39,27
W92000004,Wales,nation,2020-09-04,35,69
W92000004,Wales,nation,2020-09-03,38,70
W92000004,Wales,nation,2020-09-02,42,59
W92000004,Wales,nation,2020-09-01,43,69
W92000004,Wales,nation,2020-08-31,42,29
W92000004,Wales,nation,2020-08-30,47,33
W92000004,Wales,nation,2020-08-29,42,52
W92000004,Wales,nation,2020-08-28,41,83
W92000004,Wales,nation,2020-08-27,41,70
W92000004,Wales,nation,2020-08-26,48,69
W92000004,Wales,nation,2020-08-25,48,49
W92000004,Wales,nation,2020-08-24,50,36
W92000004,Wales,nation,2020-08-23,51,26
W92000004,Wales,nation,2020-08-22,52,39
W92000004,Wales,nation,2020-08-21,55,54
W92000004,Wales,nation,2020-08-20,59,39
W92000004,Wales,nation,2020-08-19,60,45
W92000004,Wales,nation,2020-08-18,61,63
W92000004,Wales,nation,2020-08-17,71,38
W92000004,Wales,nation,2020-08-16,71,37
W92000004,Wales,nation,2020-08-15,69,52
W92000004,Wales,nation,2020-08-14,70,39
W92000004,Wales,nation,2020-08-13,68,63
W92000004,Wales,nation,2020-08-12,69,45
W92000004,Wales,nation,2020-08-11,69,47
W92000004,Wales,nation,2020-08-10,78,31
W92000004,Wales,nation,2020-08-09,82,51
W92000004,Wales,nation,2020-08-08,88,55
W92000004,Wales,nation,2020-08-07,96,53
W92000004,Wales,nation,2020-08-06,103,45
W92000004,Wales,nation,2020-08-05,105,74
W92000004,Wales,nation,2020-08-04,115,65
W92000004,Wales,nation,2020-08-03,119,29
W92000004,Wales,nation,2020-08-02,116,35
W92000004,Wales,nation,2020-08-01,124,73
W92000004,Wales,nation,2020-07-31,116,54
W92000004,Wales,nation,2020-07-30,132,53
W92000004,Wales,nation,2020-07-29,137,64
W92000004,Wales,nation,2020-07-28,136,49
W92000004,Wales,nation,2020-07-27,130,43
W92000004,Wales,nation,2020-07-26,127,45
W92000004,Wales,nation,2020-07-25,129,48
W92000004,Wales,nation,2020-07-24,132,61
W92000004,Wales,nation,2020-07-23,132,88
W92000004,Wales,nation,2020-07-22,123,72
W92000004,Wales,nation,2020-07-21,118,46
W92000004,Wales,nation,2020-07-20,130,43
W92000004,Wales,nation,2020-07-19,113,51
W92000004,Wales,nation,2020-07-18,125,54
W92000004,Wales,nation,2020-07-17,119,59
W92000004,Wales,nation,2020-07-16,136,48
W92000004,Wales,nation,2020-07-15,131,48
W92000004,Wales,nation,2020-07-14,136,63
W92000004,Wales,nation,2020-07-13,140,50
W92000004,Wales,nation,2020-07-12,133,41
W92000004,Wales,nation,2020-07-11,127,76
W92000004,Wales,nation,2020-07-10,133,68
W92000004,Wales,nation,2020-07-09,172,75
W92000004,Wales,nation,2020-07-08,177,63
W92000004,Wales,nation,2020-07-07,181,64
W92000004,Wales,nation,2020-07-06,186,50
W92000004,Wales,nation,2020-07-05,187,63
W92000004,Wales,nation,2020-07-04,190,78
W92000004,Wales,nation,2020-07-03,198,65
W92000004,Wales,nation,2020-07-02,206,64
W92000004,Wales,nation,2020-07-01,218,66
W92000004,Wales,nation,2020-06-30,234,104
W92000004,Wales,nation,2020-06-29,235,46
W92000004,Wales,nation,2020-06-28,246,47
W92000004,Wales,nation,2020-06-27,232,74
W92000004,Wales,nation,2020-06-26,254,88
W92000004,Wales,nation,2020-06-25,265,64
W92000004,Wales,nation,2020-06-24,270,101
W92000004,Wales,nation,2020-06-23,281,79
W92000004,Wales,nation,2020-06-22,297,67
W92000004,Wales,nation,2020-06-21,280,68
W92000004,Wales,nation,2020-06-20,271,68
W92000004,Wales,nation,2020-06-19,276,78
W92000004,Wales,nation,2020-06-18,285,87
W92000004,Wales,nation,2020-06-17,288,91
W92000004,Wales,nation,2020-06-16,303,95
W92000004,Wales,nation,2020-06-15,306,68
W92000004,Wales,nation,2020-06-14,293,52
W92000004,Wales,nation,2020-06-13,291,114
W92000004,Wales,nation,2020-06-12,294,90
W92000004,Wales,nation,2020-06-11,315,104
W92000004,Wales,nation,2020-06-10,319,97
W92000004,Wales,nation,2020-06-09,341,84
W92000004,Wales,nation,2020-06-08,352,59
W92000004,Wales,nation,2020-06-07,383,76
W92000004,Wales,nation,2020-06-06,404,92
W92000004,Wales,nation,2020-06-05,392,82
W92000004,Wales,nation,2020-06-04,395,97
W92000004,Wales,nation,2020-06-03,399,131
W92000004,Wales,nation,2020-06-02,427,106
W92000004,Wales,nation,2020-06-01,431,73
W92000004,Wales,nation,2020-05-31,433,68
W92000004,Wales,nation,2020-05-30,423,93
W92000004,Wales,nation,2020-05-29,431,99
W92000004,Wales,nation,2020-05-28,438,120
W92000004,Wales,nation,2020-05-27,425,106
W92000004,Wales,nation,2020-05-26,436,96
W92000004,Wales,nation,2020-05-25,380,82
W92000004,Wales,nation,2020-05-24,393,78
W92000004,Wales,nation,2020-05-23,383,121
W92000004,Wales,nation,2020-05-22,385,81
W92000004,Wales,nation,2020-05-21,309,105
W92000004,Wales,nation,2020-05-20,324,95
W92000004,Wales,nation,2020-05-19,329,105
W92000004,Wales,nation,2020-05-18,356,77
W92000004,Wales,nation,2020-05-17,373,98
W92000004,Wales,nation,2020-05-16,378,117
W92000004,Wales,nation,2020-05-15,336,88
W92000004,Wales,nation,2020-05-14,364,105
W92000004,Wales,nation,2020-05-13,394,119
W92000004,Wales,nation,2020-05-12,425,92
W92000004,Wales,nation,2020-05-11,465,108
W92000004,Wales,nation,2020-05-10,461,114
W92000004,Wales,nation,2020-05-09,448,106
W92000004,Wales,nation,2020-05-08,416,127
W92000004,Wales,nation,2020-05-07,470,119
W92000004,Wales,nation,2020-05-06,478,103
W92000004,Wales,nation,2020-05-05,501,136
W92000004,Wales,nation,2020-05-04,538,121
W92000004,Wales,nation,2020-05-03,539,94
W92000004,Wales,nation,2020-05-02,521,142
W92000004,Wales,nation,2020-05-01,529,107
W92000004,Wales,nation,2020-04-30,643,132
W92000004,Wales,nation,2020-04-29,664,127
W92000004,Wales,nation,2020-04-28,676,139
W92000004,Wales,nation,2020-04-27,734,95
W92000004,Wales,nation,2020-04-26,710,97
W92000004,Wales,nation,2020-04-25,719,112
W92000004,Wales,nation,2020-04-24,743,135
W92000004,Wales,nation,2020-04-23,741,134
W92000004,Wales,nation,2020-04-22,773,127
W92000004,Wales,nation,2020-04-21,838,117
W92000004,Wales,nation,2020-04-20,853,114
W92000004,Wales,nation,2020-04-19,828,102
W92000004,Wales,nation,2020-04-18,818,129
W92000004,Wales,nation,2020-04-17,825,151
W92000004,Wales,nation,2020-04-16,844,104
W92000004,Wales,nation,2020-04-15,884,151
W92000004,Wales,nation,2020-04-14,919,106
W92000004,Wales,nation,2020-04-13,897,130
W92000004,Wales,nation,2020-04-12,910,168
W92000004,Wales,nation,2020-04-11,865,106
W92000004,Wales,nation,2020-04-10,833,129
W92000004,Wales,nation,2020-04-09,795,126
W92000004,Wales,nation,2020-04-08,816,158
W92000004,Wales,nation,2020-04-07,738,196
W92000004,Wales,nation,2020-04-06,731,123
W92000004,Wales,nation,2020-04-05,664,134
W92000004,Wales,nation,2020-04-04,596,134
W92000004,Wales,nation,2020-04-03,568,110
W92000004,Wales,nation,2020-04-02,525,139
W92000004,Wales,nation,2020-04-01,483,207
W92000004,Wales,nation,2020-03-31,439,158
W92000004,Wales,nation,2020-03-30,387,147
W92000004,Wales,nation,2020-03-29,329,133
W92000004,Wales,nation,2020-03-28,310,126
W92000004,Wales,nation,2020-03-27,243,118
W92000004,Wales,nation,2020-03-26,203,107
W92000004,Wales,nation,2020-03-25,188,178
W92000004,Wales,nation,2020-03-24,150,63
W92000004,Wales,nation,2020-03-23,110,32
