"DATE","PROVINCE","REGION","NR_REPORTING","TOTAL_IN","TOTAL_IN_ICU","TOTAL_IN_RESP","TOTAL_IN_ECMO","NEW_IN","NEW_OUT"
2020-03-15,"Antwerpen","Flanders",14,50,9,4,0,8,8
2020-03-15,"Brussels","Brussels",14,58,11,8,0,7,2
2020-03-15,"Hainaut","Wallonia",15,56,13,11,1,26,1
2020-03-15,"Limburg","Flanders",7,20,6,3,0,9,3
2020-03-15,"Liège","Wallonia",12,22,2,1,0,4,1
2020-03-15,"Luxembourg","Wallonia",3,4,0,0,0,3,0
2020-03-15,"Namur","Wallonia",6,2,1,1,0,0,0
2020-03-15,"OostVlaanderen","Flanders",14,16,5,1,0,5,1
2020-03-15,"VlaamsBrabant","Flanders",6,14,2,0,0,2,0
2020-03-15,"BrabantWallon","Wallonia",2,5,2,2,0,1,0
2020-03-15,"WestVlaanderen","Flanders",11,19,3,1,0,6,2
2020-03-16,"Antwerpen","Flanders",14,63,12,5,0,12,1
2020-03-16,"Brussels","Brussels",15,81,14,11,0,11,4
2020-03-16,"Hainaut","Wallonia",13,89,19,14,1,28,0
2020-03-16,"Limburg","Flanders",7,25,9,4,0,7,0
2020-03-16,"Liège","Wallonia",13,24,2,2,0,2,1
2020-03-16,"Luxembourg","Wallonia",3,5,1,1,0,0,1
2020-03-16,"Namur","Wallonia",6,4,1,1,0,1,1
2020-03-16,"OostVlaanderen","Flanders",14,23,6,2,0,4,0
2020-03-16,"VlaamsBrabant","Flanders",6,23,7,2,0,13,0
2020-03-16,"BrabantWallon","Wallonia",2,8,2,2,0,3,0
2020-03-16,"WestVlaanderen","Flanders",11,25,6,7,0,9,6
2020-03-17,"Antwerpen","Flanders",14,89,14,10,1,17,5
2020-03-17,"Brussels","Brussels",16,115,23,16,1,16,5
2020-03-17,"Hainaut","Wallonia",14,108,25,18,1,27,3
2020-03-17,"Limburg","Flanders",7,34,13,5,0,22,11
2020-03-17,"Liège","Wallonia",12,29,5,3,0,5,2
2020-03-17,"Luxembourg","Wallonia",3,8,1,0,0,2,0
2020-03-17,"Namur","Wallonia",6,4,1,1,0,0,0
2020-03-17,"OostVlaanderen","Flanders",14,32,8,4,0,10,2
2020-03-17,"VlaamsBrabant","Flanders",6,33,3,1,0,9,0
2020-03-17,"BrabantWallon","Wallonia",2,10,2,2,0,3,1
2020-03-17,"WestVlaanderen","Flanders",11,35,5,6,0,11,2
2020-03-18,"Antwerpen","Flanders",14,125,19,14,1,35,26
2020-03-18,"Brussels","Brussels",16,124,29,18,2,18,5
2020-03-18,"Hainaut","Wallonia",14,130,29,21,1,25,4
2020-03-18,"Limburg","Flanders",7,57,18,7,0,22,2
2020-03-18,"Liège","Wallonia",12,41,2,2,0,13,4
2020-03-18,"Luxembourg","Wallonia",3,15,2,2,0,3,1
2020-03-18,"Namur","Wallonia",6,6,1,1,0,4,0
2020-03-18,"OostVlaanderen","Flanders",14,52,12,10,0,24,3
2020-03-18,"VlaamsBrabant","Flanders",5,36,7,4,0,5,2
2020-03-18,"BrabantWallon","Wallonia",2,14,3,3,0,5,0
2020-03-18,"WestVlaanderen","Flanders",11,50,9,6,0,25,1
2020-03-19,"Antwerpen","Flanders",14,155,22,16,1,35,6
2020-03-19,"Brussels","Brussels",16,156,35,24,2,33,12
2020-03-19,"Hainaut","Wallonia",14,167,36,29,1,33,11
2020-03-19,"Limburg","Flanders",7,77,18,9,0,18,2
2020-03-19,"Liège","Wallonia",13,59,5,2,0,21,4
2020-03-19,"Luxembourg","Wallonia",3,23,6,3,0,10,2
2020-03-19,"Namur","Wallonia",6,8,2,1,0,1,0
2020-03-19,"OostVlaanderen","Flanders",14,59,16,12,0,22,6
2020-03-19,"VlaamsBrabant","Flanders",6,50,11,7,0,10,1
2020-03-19,"BrabantWallon","Wallonia",2,15,4,4,0,2,1
2020-03-19,"WestVlaanderen","Flanders",11,75,10,8,0,22,4
2020-03-20,"Antwerpen","Flanders",14,185,32,26,1,40,13
2020-03-20,"Brussels","Brussels",16,193,46,32,2,29,4
2020-03-20,"Hainaut","Wallonia",14,216,38,36,2,42,5
2020-03-20,"Limburg","Flanders",7,114,27,13,0,31,7
2020-03-20,"Liège","Wallonia",12,78,18,13,1,30,4
2020-03-20,"Luxembourg","Wallonia",3,26,7,5,1,9,4
2020-03-20,"Namur","Wallonia",6,18,1,1,0,11,4
2020-03-20,"OostVlaanderen","Flanders",14,84,20,14,0,50,4
2020-03-20,"VlaamsBrabant","Flanders",6,69,18,11,0,17,2
2020-03-20,"BrabantWallon","Wallonia",2,19,4,4,0,4,0
2020-03-20,"WestVlaanderen","Flanders",11,99,17,13,0,25,8
2020-03-21,"Antwerpen","Flanders",14,219,38,30,1,46,16
2020-03-21,"Brussels","Brussels",16,248,56,34,2,40,11
2020-03-21,"Hainaut","Wallonia",14,224,50,42,1,31,10
2020-03-21,"Limburg","Flanders",7,146,29,15,0,37,7
2020-03-21,"Liège","Wallonia",13,124,27,16,1,38,7
2020-03-21,"Luxembourg","Wallonia",3,36,9,8,0,11,2
2020-03-21,"Namur","Wallonia",6,22,4,3,1,9,0
2020-03-21,"OostVlaanderen","Flanders",14,126,29,19,0,52,8
2020-03-21,"VlaamsBrabant","Flanders",6,84,20,12,0,17,6
2020-03-21,"BrabantWallon","Wallonia",2,24,5,4,0,6,0
2020-03-21,"WestVlaanderen","Flanders",11,131,23,17,0,33,7
2020-03-22,"Antwerpen","Flanders",14,258,42,32,1,46,6
2020-03-22,"Brussels","Brussels",16,283,58,42,2,41,13
2020-03-22,"Hainaut","Wallonia",14,268,59,46,2,37,5
2020-03-22,"Limburg","Flanders",7,166,30,24,0,29,10
2020-03-22,"Liège","Wallonia",13,171,29,23,1,35,11
2020-03-22,"Luxembourg","Wallonia",3,44,11,7,0,8,2
2020-03-22,"Namur","Wallonia",6,27,7,3,2,4,0
2020-03-22,"OostVlaanderen","Flanders",14,153,37,24,0,20,2
2020-03-22,"VlaamsBrabant","Flanders",5,91,17,12,0,20,5
2020-03-22,"BrabantWallon","Wallonia",2,29,5,5,0,6,0
2020-03-22,"WestVlaanderen","Flanders",11,156,27,21,0,27,7
2020-03-23,"Antwerpen","Flanders",14,308,56,42,1,46,7
2020-03-23,"Brussels","Brussels",16,298,67,48,3,21,9
2020-03-23,"Hainaut","Wallonia",14,308,65,48,1,44,8
2020-03-23,"Limburg","Flanders",7,181,38,27,0,24,10
2020-03-23,"Liège","Wallonia",13,194,31,26,1,23,11
2020-03-23,"Luxembourg","Wallonia",3,47,18,10,0,4,0
2020-03-23,"Namur","Wallonia",6,34,7,6,0,9,3
2020-03-23,"OostVlaanderen","Flanders",14,166,41,32,0,22,4
2020-03-23,"VlaamsBrabant","Flanders",6,136,25,16,0,32,5
2020-03-23,"BrabantWallon","Wallonia",2,31,6,6,0,3,0
2020-03-23,"WestVlaanderen","Flanders",11,180,31,25,0,29,3
2020-03-24,"Antwerpen","Flanders",13,373,70,54,1,84,18
2020-03-24,"Brussels","Brussels",15,319,77,49,4,52,17
2020-03-24,"Hainaut","Wallonia",14,336,77,58,1,38,11
2020-03-24,"Limburg","Flanders",7,235,44,32,0,61,16
2020-03-24,"Liège","Wallonia",12,196,38,27,1,28,14
2020-03-24,"Luxembourg","Wallonia",3,52,18,10,0,8,1
2020-03-24,"Namur","Wallonia",6,42,10,8,0,11,0
2020-03-24,"OostVlaanderen","Flanders",13,186,57,29,1,51,12
2020-03-24,"VlaamsBrabant","Flanders",6,148,37,19,0,23,14
2020-03-24,"BrabantWallon","Wallonia",2,37,9,9,0,8,3
2020-03-24,"WestVlaanderen","Flanders",10,216,37,27,0,48,9
2020-03-25,"Antwerpen","Flanders",14,495,98,72,1,99,10
2020-03-25,"Brussels","Brussels",15,415,98,67,4,69,25
2020-03-25,"Hainaut","Wallonia",14,377,83,62,2,46,19
2020-03-25,"Limburg","Flanders",7,290,59,45,0,64,23
2020-03-25,"Liège","Wallonia",12,252,58,40,1,53,14
2020-03-25,"Luxembourg","Wallonia",3,63,20,11,0,10,2
2020-03-25,"Namur","Wallonia",6,56,13,10,0,18,5
2020-03-25,"OostVlaanderen","Flanders",14,263,76,47,1,53,10
2020-03-25,"VlaamsBrabant","Flanders",6,172,42,23,1,31,5
2020-03-25,"BrabantWallon","Wallonia",2,40,10,10,0,9,3
2020-03-25,"WestVlaanderen","Flanders",11,298,55,35,0,83,12
2020-03-26,"Antwerpen","Flanders",13,522,96,79,1,74,25
2020-03-26,"Brussels","Brussels",16,482,114,83,3,76,30
2020-03-26,"Hainaut","Wallonia",14,416,95,69,2,50,19
2020-03-26,"Limburg","Flanders",7,323,71,54,0,54,19
2020-03-26,"Liège","Wallonia",12,286,68,50,2,60,23
2020-03-26,"Luxembourg","Wallonia",3,72,20,11,0,17,7
2020-03-26,"Namur","Wallonia",6,70,18,12,1,13,3
2020-03-26,"OostVlaanderen","Flanders",14,326,85,56,1,43,20
2020-03-26,"VlaamsBrabant","Flanders",6,187,43,30,1,38,9
2020-03-26,"BrabantWallon","Wallonia",2,41,14,12,0,7,5
2020-03-26,"WestVlaanderen","Flanders",11,352,66,42,0,58,23
2020-03-27,"Antwerpen","Flanders",14,627,122,100,2,76,39
2020-03-27,"Brussels","Brussels",16,581,118,92,4,93,37
2020-03-27,"Hainaut","Wallonia",14,457,102,74,2,55,22
2020-03-27,"Limburg","Flanders",7,396,78,55,0,91,19
2020-03-27,"Liège","Wallonia",12,347,88,68,2,75,25
2020-03-27,"Luxembourg","Wallonia",3,84,18,11,0,16,1
2020-03-27,"Namur","Wallonia",6,79,22,20,2,11,0
2020-03-27,"OostVlaanderen","Flanders",14,393,99,64,2,53,28
2020-03-27,"VlaamsBrabant","Flanders",6,217,51,36,2,23,11
2020-03-27,"BrabantWallon","Wallonia",2,56,14,13,0,12,1
2020-03-27,"WestVlaanderen","Flanders",11,413,77,46,0,70,22
2020-03-28,"Antwerpen","Flanders",14,725,140,109,1,118,45
2020-03-28,"Brussels","Brussels",16,630,136,108,5,90,52
2020-03-28,"Hainaut","Wallonia",14,548,115,99,4,84,28
2020-03-28,"Limburg","Flanders",7,418,89,58,0,48,18
2020-03-28,"Liège","Wallonia",12,375,95,75,3,52,40
2020-03-28,"Luxembourg","Wallonia",3,90,17,13,0,15,5
2020-03-28,"Namur","Wallonia",6,85,20,19,2,16,4
2020-03-28,"OostVlaanderen","Flanders",14,456,103,70,2,77,39
2020-03-28,"VlaamsBrabant","Flanders",6,247,50,41,3,47,22
2020-03-28,"BrabantWallon","Wallonia",2,56,13,11,0,8,6
2020-03-28,"WestVlaanderen","Flanders",11,459,89,53,0,74,37
2020-03-29,"Antwerpen","Flanders",14,770,151,125,1,64,30
2020-03-29,"Brussels","Brussels",15,656,131,104,5,98,23
2020-03-29,"Hainaut","Wallonia",14,610,126,103,5,69,18
2020-03-29,"Limburg","Flanders",7,457,101,68,0,62,20
2020-03-29,"Liège","Wallonia",12,425,102,87,2,50,13
2020-03-29,"Luxembourg","Wallonia",3,101,17,14,0,11,2
2020-03-29,"Namur","Wallonia",6,102,26,23,2,22,7
2020-03-29,"OostVlaanderen","Flanders",14,514,113,78,1,72,21
2020-03-29,"VlaamsBrabant","Flanders",6,269,66,42,3,29,15
2020-03-29,"BrabantWallon","Wallonia",2,60,15,12,0,7,3
2020-03-29,"WestVlaanderen","Flanders",11,516,94,53,0,61,17
2020-03-30,"Antwerpen","Flanders",14,818,162,128,1,77,31
2020-03-30,"Brussels","Brussels",15,790,164,132,6,53,31
2020-03-30,"Hainaut","Wallonia",14,646,131,112,4,54,19
2020-03-30,"Limburg","Flanders",7,481,110,79,0,41,15
2020-03-30,"Liège","Wallonia",12,476,114,97,2,66,13
2020-03-30,"Luxembourg","Wallonia",3,107,18,14,0,12,7
2020-03-30,"Namur","Wallonia",6,112,30,25,2,13,2
2020-03-30,"OostVlaanderen","Flanders",14,570,121,80,1,78,28
2020-03-30,"VlaamsBrabant","Flanders",6,290,62,46,4,26,8
2020-03-30,"BrabantWallon","Wallonia",2,69,18,15,0,9,1
2020-03-30,"WestVlaanderen","Flanders",11,538,91,58,0,49,13
2020-03-31,"Antwerpen","Flanders",14,816,179,146,1,88,98
2020-03-31,"Brussels","Brussels",16,818,176,139,7,101,71
2020-03-31,"Hainaut","Wallonia",14,637,132,114,5,54,55
2020-03-31,"Limburg","Flanders",7,512,112,72,0,87,42
2020-03-31,"Liège","Wallonia",12,500,119,103,3,58,34
2020-03-31,"Luxembourg","Wallonia",3,103,20,15,0,6,10
2020-03-31,"Namur","Wallonia",6,118,33,29,3,16,4
2020-03-31,"OostVlaanderen","Flanders",14,591,130,87,1,67,50
2020-03-31,"VlaamsBrabant","Flanders",6,289,66,49,4,22,30
2020-03-31,"BrabantWallon","Wallonia",2,64,18,17,0,6,4
2020-03-31,"WestVlaanderen","Flanders",11,541,103,63,0,48,38
2020-04-01,"Antwerpen","Flanders",14,862,202,168,1,96,64
2020-04-01,"Brussels","Brussels",16,843,183,144,10,85,45
2020-04-01,"Hainaut","Wallonia",14,677,139,123,6,70,37
2020-04-01,"Limburg","Flanders",7,503,109,82,0,46,34
2020-04-01,"Liège","Wallonia",12,523,130,116,4,73,40
2020-04-01,"Luxembourg","Wallonia",3,111,22,18,0,19,12
2020-04-01,"Namur","Wallonia",6,130,34,30,3,20,4
2020-04-01,"OostVlaanderen","Flanders",14,614,132,88,1,67,53
2020-04-01,"VlaamsBrabant","Flanders",6,330,72,56,4,42,22
2020-04-01,"BrabantWallon","Wallonia",2,61,17,15,0,5,10
2020-04-01,"WestVlaanderen","Flanders",11,566,104,66,0,61,42
2020-04-02,"Antwerpen","Flanders",14,875,211,166,1,85,64
2020-04-02,"Brussels","Brussels",15,902,196,158,7,107,50
2020-04-02,"Hainaut","Wallonia",14,678,150,125,7,47,50
2020-04-02,"Limburg","Flanders",7,500,105,78,0,54,37
2020-04-02,"Liège","Wallonia",12,570,135,120,3,88,49
2020-04-02,"Luxembourg","Wallonia",3,116,22,15,0,14,6
2020-04-02,"Namur","Wallonia",6,140,37,20,2,19,4
2020-04-02,"OostVlaanderen","Flanders",14,616,142,96,3,56,50
2020-04-02,"VlaamsBrabant","Flanders",6,343,79,55,5,31,23
2020-04-02,"BrabantWallon","Wallonia",2,65,19,16,0,7,4
2020-04-02,"WestVlaanderen","Flanders",11,578,109,67,0,60,40
2020-04-03,"Antwerpen","Flanders",13,851,214,175,1,76,64
2020-04-03,"Brussels","Brussels",16,914,196,164,11,62,80
2020-04-03,"Hainaut","Wallonia",15,705,155,128,7,47,25
2020-04-03,"Limburg","Flanders",7,516,105,73,0,67,36
2020-04-03,"Liège","Wallonia",12,573,145,129,2,37,32
2020-04-03,"Luxembourg","Wallonia",3,121,25,20,0,15,10
2020-04-03,"Namur","Wallonia",6,144,39,31,2,8,7
2020-04-03,"OostVlaanderen","Flanders",14,642,150,111,3,52,49
2020-04-03,"VlaamsBrabant","Flanders",6,344,84,59,5,26,25
2020-04-03,"BrabantWallon","Wallonia",2,64,17,15,0,6,4
2020-04-03,"WestVlaanderen","Flanders",11,639,115,80,0,108,43
2020-04-04,"Antwerpen","Flanders",14,916,230,191,2,68,81
2020-04-04,"Brussels","Brussels",16,888,197,164,12,75,99
2020-04-04,"Hainaut","Wallonia",14,706,154,125,7,58,51
2020-04-04,"Limburg","Flanders",7,506,109,71,0,43,60
2020-04-04,"Liège","Wallonia",12,585,147,135,3,63,41
2020-04-04,"Luxembourg","Wallonia",3,113,25,20,0,11,14
2020-04-04,"Namur","Wallonia",6,144,39,33,0,12,12
2020-04-04,"OostVlaanderen","Flanders",14,644,153,115,2,73,67
2020-04-04,"VlaamsBrabant","Flanders",6,307,69,56,5,23,27
2020-04-04,"BrabantWallon","Wallonia",2,57,17,15,0,7,9
2020-04-04,"WestVlaanderen","Flanders",11,665,121,77,0,66,43
2020-04-05,"Antwerpen","Flanders",14,939,222,185,2,59,39
2020-04-05,"Brussels","Brussels",15,899,203,164,14,66,44
2020-04-05,"Hainaut","Wallonia",14,728,149,123,9,41,16
2020-04-05,"Limburg","Flanders",7,485,103,70,0,34,37
2020-04-05,"Liège","Wallonia",12,603,152,144,2,32,21
2020-04-05,"Luxembourg","Wallonia",3,119,28,24,0,3,1
2020-04-05,"Namur","Wallonia",6,151,41,34,2,14,4
2020-04-05,"OostVlaanderen","Flanders",14,659,151,117,2,41,28
2020-04-05,"VlaamsBrabant","Flanders",6,313,71,52,5,26,16
2020-04-05,"BrabantWallon","Wallonia",2,63,19,17,0,6,1
2020-04-05,"WestVlaanderen","Flanders",11,661,128,83,1,36,28
2020-04-06,"Antwerpen","Flanders",14,965,223,188,2,46,36
2020-04-06,"Brussels","Brussels",15,921,203,165,15,47,31
2020-04-06,"Hainaut","Wallonia",14,726,145,121,8,32,16
2020-04-06,"Limburg","Flanders",7,502,97,64,0,32,10
2020-04-06,"Liège","Wallonia",12,619,151,143,3,36,24
2020-04-06,"Luxembourg","Wallonia",3,125,28,21,0,11,3
2020-04-06,"Namur","Wallonia",6,148,41,32,2,6,2
2020-04-06,"OostVlaanderen","Flanders",14,691,154,116,2,50,16
2020-04-06,"VlaamsBrabant","Flanders",6,320,72,58,5,17,7
2020-04-06,"BrabantWallon","Wallonia",2,66,19,14,0,4,1
2020-04-06,"WestVlaanderen","Flanders",11,676,127,77,1,33,25
2020-04-07,"Antwerpen","Flanders",14,960,230,183,2,86,79
2020-04-07,"Brussels","Brussels",16,938,202,172,18,79,78
2020-04-07,"Hainaut","Wallonia",15,707,147,120,9,48,78
2020-04-07,"Limburg","Flanders",7,491,98,71,3,45,48
2020-04-07,"Liège","Wallonia",12,612,153,142,3,45,49
2020-04-07,"Luxembourg","Wallonia",3,125,27,19,0,12,12
2020-04-07,"Namur","Wallonia",6,141,41,34,2,15,16
2020-04-07,"OostVlaanderen","Flanders",14,691,157,122,2,61,75
2020-04-07,"VlaamsBrabant","Flanders",6,311,73,56,5,31,33
2020-04-07,"BrabantWallon","Wallonia",2,66,16,13,0,5,3
2020-04-07,"WestVlaanderen","Flanders",11,673,132,76,1,63,53
2020-04-08,"Antwerpen","Flanders",14,940,229,181,2,52,75
2020-04-08,"Brussels","Brussels",15,911,193,161,18,68,79
2020-04-08,"Hainaut","Wallonia",14,682,150,125,9,52,53
2020-04-08,"Limburg","Flanders",7,480,96,71,3,59,61
2020-04-08,"Liège","Wallonia",12,622,161,144,2,53,45
2020-04-08,"Luxembourg","Wallonia",3,116,27,17,0,12,17
2020-04-08,"Namur","Wallonia",6,173,48,35,3,39,6
2020-04-08,"OostVlaanderen","Flanders",14,670,161,116,2,48,62
2020-04-08,"VlaamsBrabant","Flanders",6,303,74,57,6,22,23
2020-04-08,"BrabantWallon","Wallonia",2,67,15,11,0,9,7
2020-04-08,"WestVlaanderen","Flanders",11,652,131,76,1,45,55
2020-04-09,"Antwerpen","Flanders",14,917,219,184,2,60,69
2020-04-09,"Brussels","Brussels",15,907,198,156,17,80,72
2020-04-09,"Hainaut","Wallonia",14,712,154,125,9,67,44
2020-04-09,"Limburg","Flanders",7,475,93,74,3,42,36
2020-04-09,"Liège","Wallonia",12,639,161,148,2,49,46
2020-04-09,"Luxembourg","Wallonia",3,111,27,19,0,13,7
2020-04-09,"Namur","Wallonia",6,182,50,35,3,26,13
2020-04-09,"OostVlaanderen","Flanders",14,677,163,116,2,49,45
2020-04-09,"VlaamsBrabant","Flanders",6,303,78,53,6,22,20
2020-04-09,"BrabantWallon","Wallonia",2,69,13,11,0,9,4
2020-04-09,"WestVlaanderen","Flanders",11,644,122,72,0,45,48
2020-04-10,"Antwerpen","Flanders",14,907,216,181,3,44,78
2020-04-10,"Brussels","Brussels",16,902,197,158,18,59,82
2020-04-10,"Hainaut","Wallonia",14,741,146,119,11,57,29
2020-04-10,"Limburg","Flanders",7,481,101,72,3,45,42
2020-04-10,"Liège","Wallonia",12,629,156,141,2,46,40
2020-04-10,"Luxembourg","Wallonia",3,118,24,19,0,9,4
2020-04-10,"Namur","Wallonia",6,187,51,32,4,17,12
2020-04-10,"OostVlaanderen","Flanders",14,691,167,127,2,61,49
2020-04-10,"VlaamsBrabant","Flanders",6,298,73,51,5,29,27
2020-04-10,"BrabantWallon","Wallonia",2,68,15,10,0,5,5
2020-04-10,"WestVlaanderen","Flanders",11,641,116,71,0,49,50
2020-04-11,"Antwerpen","Flanders",14,895,208,164,4,60,83
2020-04-11,"Brussels","Brussels",14,798,179,142,14,43,61
2020-04-11,"Hainaut","Wallonia",14,764,145,116,11,64,67
2020-04-11,"Limburg","Flanders",7,450,94,74,2,47,64
2020-04-11,"Liège","Wallonia",12,593,155,139,2,39,50
2020-04-11,"Luxembourg","Wallonia",3,112,21,18,1,8,9
2020-04-11,"Namur","Wallonia",6,188,50,35,4,15,7
2020-04-11,"OostVlaanderen","Flanders",14,652,172,120,3,53,68
2020-04-11,"VlaamsBrabant","Flanders",6,285,74,49,4,17,22
2020-04-11,"BrabantWallon","Wallonia",2,67,15,11,0,5,5
2020-04-11,"WestVlaanderen","Flanders",11,633,119,69,0,42,46
2020-04-12,"Antwerpen","Flanders",14,877,212,170,4,34,56
2020-04-12,"Brussels","Brussels",15,819,179,140,14,49,30
2020-04-12,"Hainaut","Wallonia",14,748,140,110,10,40,27
2020-04-12,"Limburg","Flanders",7,451,96,71,2,24,21
2020-04-12,"Liège","Wallonia",12,587,155,141,2,18,23
2020-04-12,"Luxembourg","Wallonia",3,107,20,17,1,3,6
2020-04-12,"Namur","Wallonia",6,184,50,34,4,8,4
2020-04-12,"OostVlaanderen","Flanders",14,673,179,124,3,26,38
2020-04-12,"VlaamsBrabant","Flanders",6,293,75,49,4,20,9
2020-04-12,"BrabantWallon","Wallonia",2,71,15,11,0,8,2
2020-04-12,"WestVlaanderen","Flanders",11,631,113,73,0,40,23
2020-04-13,"Antwerpen","Flanders",14,856,212,165,4,33,51
2020-04-13,"Brussels","Brussels",15,908,189,138,15,37,35
2020-04-13,"Hainaut","Wallonia",14,758,137,108,9,25,10
2020-04-13,"Limburg","Flanders",7,450,95,71,2,23,12
2020-04-13,"Liège","Wallonia",12,582,153,129,2,20,14
2020-04-13,"Luxembourg","Wallonia",3,109,20,17,1,6,2
2020-04-13,"Namur","Wallonia",6,190,48,35,4,10,1
2020-04-13,"OostVlaanderen","Flanders",14,680,164,119,4,31,16
2020-04-13,"VlaamsBrabant","Flanders",6,295,70,48,4,14,3
2020-04-13,"BrabantWallon","Wallonia",2,70,15,11,0,2,3
2020-04-13,"WestVlaanderen","Flanders",11,656,123,74,0,41,14
2020-04-14,"Antwerpen","Flanders",14,843,207,168,4,41,50
2020-04-14,"Brussels","Brussels",15,897,187,143,16,31,41
2020-04-14,"Hainaut","Wallonia",14,763,134,101,8,34,17
2020-04-14,"Limburg","Flanders",7,463,98,71,2,30,13
2020-04-14,"Liège","Wallonia",12,575,150,123,2,8,36
2020-04-14,"Luxembourg","Wallonia",3,112,22,18,1,10,3
2020-04-14,"Namur","Wallonia",6,191,48,32,4,9,5
2020-04-14,"OostVlaanderen","Flanders",14,666,152,109,4,39,28
2020-04-14,"VlaamsBrabant","Flanders",6,298,69,43,4,11,11
2020-04-14,"BrabantWallon","Wallonia",2,70,14,11,0,2,2
2020-04-14,"WestVlaanderen","Flanders",11,654,123,70,0,35,33
2020-04-15,"Antwerpen","Flanders",14,803,205,167,4,33,78
2020-04-15,"Brussels","Brussels",16,857,174,139,14,45,71
2020-04-15,"Hainaut","Wallonia",14,730,137,104,8,29,58
2020-04-15,"Limburg","Flanders",7,439,93,69,2,32,46
2020-04-15,"Liège","Wallonia",12,552,147,117,2,31,54
2020-04-15,"Luxembourg","Wallonia",3,101,21,18,1,7,15
2020-04-15,"Namur","Wallonia",6,189,49,33,5,7,12
2020-04-15,"OostVlaanderen","Flanders",14,650,155,107,4,43,50
2020-04-15,"VlaamsBrabant","Flanders",6,287,66,40,3,18,18
2020-04-15,"BrabantWallon","Wallonia",2,67,12,10,0,2,4
2020-04-15,"WestVlaanderen","Flanders",11,656,123,64,0,63,49
2020-04-16,"Antwerpen","Flanders",14,817,200,156,4,48,58
2020-04-16,"Brussels","Brussels",15,822,172,138,17,46,65
2020-04-16,"Hainaut","Wallonia",14,714,135,106,8,63,54
2020-04-16,"Limburg","Flanders",7,411,91,68,1,35,46
2020-04-16,"Liège","Wallonia",12,519,142,108,2,19,39
2020-04-16,"Luxembourg","Wallonia",3,99,20,18,1,7,6
2020-04-16,"Namur","Wallonia",6,193,46,28,3,17,7
2020-04-16,"OostVlaanderen","Flanders",14,651,156,107,2,40,49
2020-04-16,"VlaamsBrabant","Flanders",6,272,60,40,3,21,34
2020-04-16,"BrabantWallon","Wallonia",2,65,14,10,0,2,5
2020-04-16,"WestVlaanderen","Flanders",11,618,114,67,1,22,36
2020-04-17,"Antwerpen","Flanders",14,804,193,153,4,48,51
2020-04-17,"Brussels","Brussels",15,824,174,130,17,47,53
2020-04-17,"Hainaut","Wallonia",14,734,128,94,11,48,50
2020-04-17,"Limburg","Flanders",7,392,92,68,1,31,44
2020-04-17,"Liège","Wallonia",12,501,135,100,2,26,44
2020-04-17,"Luxembourg","Wallonia",3,96,22,19,1,4,5
2020-04-17,"Namur","Wallonia",6,182,42,28,4,10,14
2020-04-17,"OostVlaanderen","Flanders",14,625,144,99,4,32,50
2020-04-17,"VlaamsBrabant","Flanders",6,263,59,36,4,21,21
2020-04-17,"BrabantWallon","Wallonia",2,57,14,13,0,2,9
2020-04-17,"WestVlaanderen","Flanders",11,610,116,69,0,34,46
2020-04-18,"Antwerpen","Flanders",14,776,188,151,4,21,54
2020-04-18,"Brussels","Brussels",15,807,173,130,14,40,55
2020-04-18,"Hainaut","Wallonia",14,701,126,92,7,42,57
2020-04-18,"Limburg","Flanders",7,381,88,63,1,41,41
2020-04-18,"Liège","Wallonia",12,490,128,90,2,37,44
2020-04-18,"Luxembourg","Wallonia",3,92,21,18,0,7,12
2020-04-18,"Namur","Wallonia",6,173,43,28,3,7,8
2020-04-18,"OostVlaanderen","Flanders",14,587,130,95,3,35,61
2020-04-18,"VlaamsBrabant","Flanders",6,244,58,32,3,13,25
2020-04-18,"BrabantWallon","Wallonia",3,57,13,11,1,1,3
2020-04-18,"WestVlaanderen","Flanders",11,584,113,71,2,21,49
2020-04-19,"Antwerpen","Flanders",14,793,184,148,4,38,19
2020-04-19,"Brussels","Brussels",15,798,175,128,15,36,33
2020-04-19,"Hainaut","Wallonia",14,695,121,91,8,30,14
2020-04-19,"Limburg","Flanders",7,381,86,65,1,27,17
2020-04-19,"Liège","Wallonia",12,504,128,91,2,25,10
2020-04-19,"Luxembourg","Wallonia",3,94,22,18,0,3,1
2020-04-19,"Namur","Wallonia",6,180,41,25,4,9,1
2020-04-19,"OostVlaanderen","Flanders",14,603,137,91,2,27,11
2020-04-19,"VlaamsBrabant","Flanders",6,255,57,32,2,13,8
2020-04-19,"BrabantWallon","Wallonia",2,51,12,9,0,2,1
2020-04-19,"WestVlaanderen","Flanders",11,586,108,62,1,22,23
2020-04-20,"Antwerpen","Flanders",14,789,176,144,5,18,27
2020-04-20,"Brussels","Brussels",15,802,183,133,16,18,16
2020-04-20,"Hainaut","Wallonia",14,721,121,95,9,46,15
2020-04-20,"Limburg","Flanders",7,376,84,66,1,12,13
2020-04-20,"Liège","Wallonia",12,502,128,96,2,12,14
2020-04-20,"Luxembourg","Wallonia",3,93,23,15,0,1,1
2020-04-20,"Namur","Wallonia",6,195,43,26,4,17,1
2020-04-20,"OostVlaanderen","Flanders",14,617,143,95,2,20,6
2020-04-20,"VlaamsBrabant","Flanders",6,248,56,30,2,6,5
2020-04-20,"BrabantWallon","Wallonia",2,50,12,9,0,0,0
2020-04-20,"WestVlaanderen","Flanders",11,603,110,68,1,22,8
2020-04-21,"Antwerpen","Flanders",14,747,170,133,4,39,76
2020-04-21,"Brussels","Brussels",15,747,168,128,15,27,74
2020-04-21,"Hainaut","Wallonia",14,693,116,87,9,53,66
2020-04-21,"Limburg","Flanders",7,360,77,60,1,22,30
2020-04-21,"Liège","Wallonia",12,483,121,93,2,31,37
2020-04-21,"Luxembourg","Wallonia",3,91,19,14,0,7,7
2020-04-21,"Namur","Wallonia",6,184,39,25,4,8,17
2020-04-21,"OostVlaanderen","Flanders",14,597,136,91,2,28,55
2020-04-21,"VlaamsBrabant","Flanders",6,242,56,29,4,17,17
2020-04-21,"BrabantWallon","Wallonia",2,47,13,10,0,3,6
2020-04-21,"WestVlaanderen","Flanders",11,574,105,63,1,28,47
2020-04-22,"Antwerpen","Flanders",14,702,164,128,4,19,68
2020-04-22,"Brussels","Brussels",15,723,170,128,17,44,56
2020-04-22,"Hainaut","Wallonia",14,676,113,77,8,49,52
2020-04-22,"Limburg","Flanders",7,341,79,62,1,14,25
2020-04-22,"Liège","Wallonia",12,466,118,90,2,23,40
2020-04-22,"Luxembourg","Wallonia",3,83,18,14,0,3,9
2020-04-22,"Namur","Wallonia",6,181,42,25,4,14,12
2020-04-22,"OostVlaanderen","Flanders",14,542,135,84,1,20,47
2020-04-22,"VlaamsBrabant","Flanders",6,220,51,30,5,7,16
2020-04-22,"BrabantWallon","Wallonia",2,39,12,9,0,0,7
2020-04-22,"WestVlaanderen","Flanders",11,554,91,56,1,18,35
2020-04-23,"Antwerpen","Flanders",14,681,163,129,5,35,48
2020-04-23,"Brussels","Brussels",16,718,165,121,17,36,40
2020-04-23,"Hainaut","Wallonia",14,653,115,77,8,34,34
2020-04-23,"Limburg","Flanders",7,318,74,59,1,12,25
2020-04-23,"Liège","Wallonia",12,435,109,77,0,21,45
2020-04-23,"Luxembourg","Wallonia",3,80,17,12,0,7,10
2020-04-23,"Namur","Wallonia",6,168,43,26,4,5,14
2020-04-23,"OostVlaanderen","Flanders",14,522,132,79,1,19,38
2020-04-23,"VlaamsBrabant","Flanders",6,210,49,32,7,9,18
2020-04-23,"BrabantWallon","Wallonia",2,35,12,9,0,3,6
2020-04-23,"WestVlaanderen","Flanders",11,535,91,60,1,29,44
2020-04-24,"Antwerpen","Flanders",14,650,154,116,5,30,36
2020-04-24,"Brussels","Brussels",15,706,165,113,17,36,48
2020-04-24,"Hainaut","Wallonia",14,648,103,74,11,41,33
2020-04-24,"Limburg","Flanders",7,315,76,53,1,22,26
2020-04-24,"Liège","Wallonia",12,418,102,75,0,24,34
2020-04-24,"Luxembourg","Wallonia",3,74,16,12,0,2,6
2020-04-24,"Namur","Wallonia",6,152,37,22,4,4,16
2020-04-24,"OostVlaanderen","Flanders",14,481,130,77,1,17,38
2020-04-24,"VlaamsBrabant","Flanders",6,206,52,29,6,14,15
2020-04-24,"BrabantWallon","Wallonia",2,35,11,9,0,2,1
2020-04-24,"WestVlaanderen","Flanders",11,510,88,55,1,25,42
2020-04-25,"Antwerpen","Flanders",14,621,154,111,4,35,62
2020-04-25,"Brussels","Brussels",15,667,158,109,15,30,53
2020-04-25,"Hainaut","Wallonia",14,583,94,72,9,27,64
2020-04-25,"Limburg","Flanders",7,311,76,45,2,28,28
2020-04-25,"Liège","Wallonia",12,384,101,80,0,4,26
2020-04-25,"Luxembourg","Wallonia",3,69,13,12,0,4,11
2020-04-25,"Namur","Wallonia",6,142,35,23,5,7,17
2020-04-25,"OostVlaanderen","Flanders",14,463,124,74,0,29,41
2020-04-25,"VlaamsBrabant","Flanders",6,200,50,30,7,16,18
2020-04-25,"BrabantWallon","Wallonia",2,37,10,7,0,4,2
2020-04-25,"WestVlaanderen","Flanders",11,480,86,57,1,18,46
2020-04-26,"Antwerpen","Flanders",14,607,157,109,4,12,19
2020-04-26,"Brussels","Brussels",15,671,156,108,15,26,12
2020-04-26,"Hainaut","Wallonia",14,593,98,70,9,22,13
2020-04-26,"Limburg","Flanders",7,308,79,49,2,16,15
2020-04-26,"Liège","Wallonia",12,394,103,73,1,11,3
2020-04-26,"Luxembourg","Wallonia",3,70,15,10,0,2,2
2020-04-26,"Namur","Wallonia",6,144,32,22,6,7,2
2020-04-26,"OostVlaanderen","Flanders",14,462,121,70,0,17,10
2020-04-26,"VlaamsBrabant","Flanders",6,198,48,27,7,4,4
2020-04-26,"BrabantWallon","Wallonia",2,38,11,6,0,1,0
2020-04-26,"WestVlaanderen","Flanders",11,483,83,56,1,9,13
2020-04-27,"Antwerpen","Flanders",14,606,145,102,4,21,15
2020-04-27,"Brussels","Brussels",15,679,157,109,15,24,10
2020-04-27,"Hainaut","Wallonia",14,599,92,65,7,23,8
2020-04-27,"Limburg","Flanders",7,312,79,45,2,7,5
2020-04-27,"Liège","Wallonia",12,397,96,62,1,11,12
2020-04-27,"Luxembourg","Wallonia",3,72,14,10,0,3,1
2020-04-27,"Namur","Wallonia",6,144,31,21,4,6,2
2020-04-27,"OostVlaanderen","Flanders",14,466,125,66,0,12,4
2020-04-27,"VlaamsBrabant","Flanders",6,189,40,22,7,5,2
2020-04-27,"BrabantWallon","Wallonia",2,38,13,11,0,0,0
2020-04-27,"WestVlaanderen","Flanders",11,474,84,53,1,11,6
2020-04-28,"Antwerpen","Flanders",14,603,135,98,4,36,54
2020-04-28,"Brussels","Brussels",15,651,147,105,14,25,43
2020-04-28,"Hainaut","Wallonia",14,543,83,59,7,20,66
2020-04-28,"Limburg","Flanders",7,295,72,46,3,14,16
2020-04-28,"Liège","Wallonia",12,364,85,56,1,19,37
2020-04-28,"Luxembourg","Wallonia",3,64,12,9,0,0,5
2020-04-28,"Namur","Wallonia",6,134,27,20,4,13,16
2020-04-28,"OostVlaanderen","Flanders",14,424,111,62,0,14,40
2020-04-28,"VlaamsBrabant","Flanders",6,176,35,20,7,13,20
2020-04-28,"BrabantWallon","Wallonia",2,36,12,10,0,0,3
2020-04-28,"WestVlaanderen","Flanders",11,443,78,49,3,20,40
2020-04-29,"Antwerpen","Flanders",14,585,134,94,5,18,47
2020-04-29,"Brussels","Brussels",15,648,143,103,14,26,28
2020-04-29,"Hainaut","Wallonia",14,529,80,58,7,29,42
2020-04-29,"Limburg","Flanders",7,287,67,43,3,26,30
2020-04-29,"Liège","Wallonia",12,324,81,53,1,14,28
2020-04-29,"Luxembourg","Wallonia",3,67,11,7,0,6,3
2020-04-29,"Namur","Wallonia",6,130,25,18,5,6,11
2020-04-29,"OostVlaanderen","Flanders",14,401,106,57,0,21,47
2020-04-29,"VlaamsBrabant","Flanders",6,170,30,23,7,10,14
2020-04-29,"BrabantWallon","Wallonia",2,37,12,11,0,2,4
2020-04-29,"WestVlaanderen","Flanders",11,431,80,50,3,20,39
2020-04-30,"Antwerpen","Flanders",14,544,128,88,5,22,49
2020-04-30,"Brussels","Brussels",15,615,140,99,16,30,50
2020-04-30,"Hainaut","Wallonia",14,509,84,57,6,24,38
2020-04-30,"Limburg","Flanders",7,272,59,40,3,17,23
2020-04-30,"Liège","Wallonia",12,302,79,51,1,17,21
2020-04-30,"Luxembourg","Wallonia",3,62,11,6,0,1,7
2020-04-30,"Namur","Wallonia",6,128,26,18,5,9,9
2020-04-30,"OostVlaanderen","Flanders",14,369,101,56,0,8,39
2020-04-30,"VlaamsBrabant","Flanders",6,153,30,22,6,7,21
2020-04-30,"BrabantWallon","Wallonia",2,35,11,10,0,3,2
2020-04-30,"WestVlaanderen","Flanders",11,397,80,44,1,14,57
2020-05-01,"Antwerpen","Flanders",14,524,124,84,5,14,53
2020-05-01,"Brussels","Brussels",15,574,129,94,15,15,41
2020-05-01,"Hainaut","Wallonia",14,429,68,51,7,14,58
2020-05-01,"Limburg","Flanders",7,255,57,33,3,21,27
2020-05-01,"Liège","Wallonia",12,273,66,47,1,12,30
2020-05-01,"Luxembourg","Wallonia",3,54,11,6,0,1,6
2020-05-01,"Namur","Wallonia",6,115,26,17,2,7,16
2020-05-01,"OostVlaanderen","Flanders",14,344,94,54,0,20,30
2020-05-01,"VlaamsBrabant","Flanders",6,136,30,17,5,8,13
2020-05-01,"BrabantWallon","Wallonia",2,35,11,9,0,3,4
2020-05-01,"WestVlaanderen","Flanders",11,370,74,40,3,13,41
2020-05-02,"Antwerpen","Flanders",14,525,126,77,5,18,22
2020-05-02,"Brussels","Brussels",15,558,124,92,14,6,17
2020-05-02,"Hainaut","Wallonia",14,425,73,51,6,12,10
2020-05-02,"Limburg","Flanders",7,252,61,32,3,7,5
2020-05-02,"Liège","Wallonia",12,276,69,42,0,12,10
2020-05-02,"Luxembourg","Wallonia",3,55,11,7,0,1,0
2020-05-02,"Namur","Wallonia",6,115,24,16,4,4,5
2020-05-02,"OostVlaanderen","Flanders",14,349,86,44,2,13,8
2020-05-02,"VlaamsBrabant","Flanders",6,139,28,19,5,0,4
2020-05-02,"BrabantWallon","Wallonia",2,34,10,7,0,0,0
2020-05-02,"WestVlaanderen","Flanders",11,352,72,39,3,4,17
2020-05-03,"Antwerpen","Flanders",14,530,119,76,5,13,14
2020-05-03,"Brussels","Brussels",15,540,120,82,14,8,16
2020-05-03,"Hainaut","Wallonia",14,428,74,50,7,8,6
2020-05-03,"Limburg","Flanders",7,253,57,32,3,11,2
2020-05-03,"Liège","Wallonia",12,269,65,40,0,3,11
2020-05-03,"Luxembourg","Wallonia",3,55,11,6,0,0,0
2020-05-03,"Namur","Wallonia",6,113,24,14,4,1,1
2020-05-03,"OostVlaanderen","Flanders",14,333,79,40,2,2,8
2020-05-03,"VlaamsBrabant","Flanders",6,140,28,18,5,4,2
2020-05-03,"BrabantWallon","Wallonia",2,32,10,5,0,0,1
2020-05-03,"WestVlaanderen","Flanders",11,351,68,38,1,9,8
2020-05-04,"Antwerpen","Flanders",14,534,118,71,4,13,19
2020-05-04,"Brussels","Brussels",16,544,121,80,12,19,7
2020-05-04,"Hainaut","Wallonia",14,431,70,50,5,12,11
2020-05-04,"Limburg","Flanders",7,260,57,30,3,5,3
2020-05-04,"Liège","Wallonia",12,262,63,43,1,1,9
2020-05-04,"Luxembourg","Wallonia",3,51,11,6,0,0,1
2020-05-04,"Namur","Wallonia",6,121,23,14,4,6,2
2020-05-04,"OostVlaanderen","Flanders",14,346,74,38,2,14,8
2020-05-04,"VlaamsBrabant","Flanders",6,141,28,15,4,5,1
2020-05-04,"BrabantWallon","Wallonia",2,39,11,5,0,1,0
2020-05-04,"WestVlaanderen","Flanders",11,353,70,35,0,8,2
2020-05-05,"Antwerpen","Flanders",14,519,101,70,4,8,31
2020-05-05,"Brussels","Brussels",15,502,109,77,14,18,46
2020-05-05,"Hainaut","Wallonia",14,389,60,47,5,28,58
2020-05-05,"Limburg","Flanders",7,251,53,29,3,24,23
2020-05-05,"Liège","Wallonia",12,229,59,33,1,4,33
2020-05-05,"Luxembourg","Wallonia",3,49,7,5,0,3,4
2020-05-05,"Namur","Wallonia",6,109,20,13,4,6,23
2020-05-05,"OostVlaanderen","Flanders",14,320,73,36,2,8,29
2020-05-05,"VlaamsBrabant","Flanders",6,132,27,17,5,6,13
2020-05-05,"BrabantWallon","Wallonia",2,29,9,5,0,1,6
2020-05-05,"WestVlaanderen","Flanders",11,339,64,35,0,10,29
2020-05-06,"Antwerpen","Flanders",14,532,98,67,4,27,27
2020-05-06,"Brussels","Brussels",15,486,102,76,12,16,38
2020-05-06,"Hainaut","Wallonia",14,366,54,44,5,12,33
2020-05-06,"Limburg","Flanders",7,226,53,28,2,9,27
2020-05-06,"Liège","Wallonia",12,201,53,33,1,10,29
2020-05-06,"Luxembourg","Wallonia",3,45,7,5,0,0,4
2020-05-06,"Namur","Wallonia",6,104,20,14,3,2,5
2020-05-06,"OostVlaanderen","Flanders",14,293,68,39,2,7,21
2020-05-06,"VlaamsBrabant","Flanders",6,115,24,15,5,7,15
2020-05-06,"BrabantWallon","Wallonia",2,27,7,5,0,2,5
2020-05-06,"WestVlaanderen","Flanders",11,304,56,33,1,6,40
2020-05-07,"Antwerpen","Flanders",14,520,92,66,2,11,32
2020-05-07,"Brussels","Brussels",15,452,94,68,12,18,51
2020-05-07,"Hainaut","Wallonia",14,344,50,39,6,21,33
2020-05-07,"Limburg","Flanders",7,218,50,30,2,8,17
2020-05-07,"Liège","Wallonia",12,190,54,31,1,8,18
2020-05-07,"Luxembourg","Wallonia",3,44,5,5,0,1,3
2020-05-07,"Namur","Wallonia",6,101,19,12,3,7,6
2020-05-07,"OostVlaanderen","Flanders",14,263,60,37,2,12,32
2020-05-07,"VlaamsBrabant","Flanders",6,109,24,15,4,6,2
2020-05-07,"BrabantWallon","Wallonia",2,27,6,5,0,0,1
2020-05-07,"WestVlaanderen","Flanders",11,287,54,31,2,16,26
2020-05-08,"Antwerpen","Flanders",14,459,88,60,2,11,57
2020-05-08,"Brussels","Brussels",15,436,92,69,11,13,28
2020-05-08,"Hainaut","Wallonia",14,329,50,36,6,14,12
2020-05-08,"Limburg","Flanders",7,201,48,29,2,9,25
2020-05-08,"Liège","Wallonia",12,184,52,30,1,8,22
2020-05-08,"Luxembourg","Wallonia",3,39,6,5,0,0,5
2020-05-08,"Namur","Wallonia",6,94,18,12,3,4,8
2020-05-08,"OostVlaanderen","Flanders",14,245,60,33,2,5,16
2020-05-08,"VlaamsBrabant","Flanders",6,104,26,14,4,3,9
2020-05-08,"BrabantWallon","Wallonia",2,23,7,5,0,0,3
2020-05-08,"WestVlaanderen","Flanders",11,267,55,35,1,8,25
2020-05-09,"Antwerpen","Flanders",14,407,85,57,2,9,46
2020-05-09,"Brussels","Brussels",15,433,94,61,10,16,32
2020-05-09,"Hainaut","Wallonia",14,298,47,32,6,8,33
2020-05-09,"Limburg","Flanders",7,176,42,23,2,10,25
2020-05-09,"Liège","Wallonia",12,171,46,30,1,5,17
2020-05-09,"Luxembourg","Wallonia",3,36,6,4,0,3,6
2020-05-09,"Namur","Wallonia",6,94,19,12,3,2,8
2020-05-09,"OostVlaanderen","Flanders",14,236,52,29,2,8,21
2020-05-09,"VlaamsBrabant","Flanders",6,99,25,14,4,7,13
2020-05-09,"BrabantWallon","Wallonia",2,23,7,3,0,2,1
2020-05-09,"WestVlaanderen","Flanders",11,249,52,30,3,13,29
2020-05-10,"Antwerpen","Flanders",14,409,86,55,1,6,15
2020-05-10,"Brussels","Brussels",15,429,91,59,10,10,6
2020-05-10,"Hainaut","Wallonia",14,300,50,36,5,13,8
2020-05-10,"Limburg","Flanders",7,172,43,25,2,3,6
2020-05-10,"Liège","Wallonia",12,169,50,29,1,6,7
2020-05-10,"Luxembourg","Wallonia",3,34,5,4,0,0,2
2020-05-10,"Namur","Wallonia",6,95,19,11,3,3,1
2020-05-10,"OostVlaanderen","Flanders",14,238,52,29,2,10,2
2020-05-10,"VlaamsBrabant","Flanders",6,100,23,14,4,3,3
2020-05-10,"BrabantWallon","Wallonia",2,25,7,3,0,2,0
2020-05-10,"WestVlaanderen","Flanders",11,251,51,31,3,4,5
2020-05-11,"Antwerpen","Flanders",14,418,88,57,2,7,5
2020-05-11,"Brussels","Brussels",15,416,89,59,11,9,10
2020-05-11,"Hainaut","Wallonia",14,307,47,33,5,2,4
2020-05-11,"Limburg","Flanders",7,176,41,19,2,10,4
2020-05-11,"Liège","Wallonia",12,181,49,27,0,3,3
2020-05-11,"Luxembourg","Wallonia",3,34,5,4,0,0,0
2020-05-11,"Namur","Wallonia",6,94,19,9,3,2,1
2020-05-11,"OostVlaanderen","Flanders",14,225,50,29,2,0,5
2020-05-11,"VlaamsBrabant","Flanders",6,97,21,12,4,3,2
2020-05-11,"BrabantWallon","Wallonia",2,26,7,2,0,1,0
2020-05-11,"WestVlaanderen","Flanders",11,256,49,31,3,6,1
2020-05-12,"Antwerpen","Flanders",14,400,81,60,2,13,29
2020-05-12,"Brussels","Brussels",15,373,83,58,9,9,48
2020-05-12,"Hainaut","Wallonia",14,281,44,28,5,12,39
2020-05-12,"Limburg","Flanders",7,164,36,19,2,4,17
2020-05-12,"Liège","Wallonia",12,173,41,25,0,8,12
2020-05-12,"Luxembourg","Wallonia",3,34,4,3,0,1,0
2020-05-12,"Namur","Wallonia",6,90,16,10,3,2,10
2020-05-12,"OostVlaanderen","Flanders",14,211,50,26,2,9,24
2020-05-12,"VlaamsBrabant","Flanders",6,88,20,12,4,3,8
2020-05-12,"BrabantWallon","Wallonia",2,25,7,2,0,1,1
2020-05-12,"WestVlaanderen","Flanders",11,246,45,27,3,8,18
2020-05-13,"Antwerpen","Flanders",14,381,77,47,1,12,24
2020-05-13,"Brussels","Brussels",15,360,78,49,9,10,22
2020-05-13,"Hainaut","Wallonia",14,265,40,29,4,14,25
2020-05-13,"Limburg","Flanders",7,146,35,18,2,6,19
2020-05-13,"Liège","Wallonia",12,162,41,22,0,7,12
2020-05-13,"Luxembourg","Wallonia",3,34,4,3,0,2,1
2020-05-13,"Namur","Wallonia",6,81,14,8,3,5,3
2020-05-13,"OostVlaanderen","Flanders",14,204,48,25,2,8,16
2020-05-13,"VlaamsBrabant","Flanders",6,71,18,12,4,4,14
2020-05-13,"BrabantWallon","Wallonia",2,17,6,2,0,0,7
2020-05-13,"WestVlaanderen","Flanders",11,245,46,24,3,13,30
2020-05-14,"Antwerpen","Flanders",14,354,68,49,1,10,33
2020-05-14,"Brussels","Brussels",15,330,71,46,6,5,37
2020-05-14,"Hainaut","Wallonia",14,252,41,30,4,12,31
2020-05-14,"Limburg","Flanders",7,134,30,16,1,3,14
2020-05-14,"Liège","Wallonia",12,158,39,20,1,5,14
2020-05-14,"Luxembourg","Wallonia",3,34,3,3,0,2,1
2020-05-14,"Namur","Wallonia",6,86,15,8,3,4,3
2020-05-14,"OostVlaanderen","Flanders",14,184,47,21,2,8,20
2020-05-14,"VlaamsBrabant","Flanders",6,69,18,11,3,1,9
2020-05-14,"BrabantWallon","Wallonia",2,17,4,2,0,0,2
2020-05-14,"WestVlaanderen","Flanders",11,244,44,25,3,17,26
2020-05-15,"Antwerpen","Flanders",14,337,66,43,0,10,24
2020-05-15,"Brussels","Brussels",15,298,66,45,7,14,23
2020-05-15,"Hainaut","Wallonia",14,236,38,22,2,7,24
2020-05-15,"Limburg","Flanders",7,125,28,15,1,6,14
2020-05-15,"Liège","Wallonia",12,141,37,22,1,5,16
2020-05-15,"Luxembourg","Wallonia",3,31,3,3,0,1,4
2020-05-15,"Namur","Wallonia",6,82,16,11,3,2,11
2020-05-15,"OostVlaanderen","Flanders",14,173,46,20,2,4,14
2020-05-15,"VlaamsBrabant","Flanders",6,74,17,10,3,3,5
2020-05-15,"BrabantWallon","Wallonia",2,17,4,2,0,1,2
2020-05-15,"WestVlaanderen","Flanders",11,236,43,26,3,12,22
2020-05-16,"Antwerpen","Flanders",14,298,61,41,0,9,33
2020-05-16,"Brussels","Brussels",15,301,64,42,5,12,27
2020-05-16,"Hainaut","Wallonia",14,220,37,22,2,11,26
2020-05-16,"Limburg","Flanders",7,116,28,14,1,4,13
2020-05-16,"Liège","Wallonia",12,138,34,19,1,10,13
2020-05-16,"Luxembourg","Wallonia",3,29,4,3,0,1,2
2020-05-16,"Namur","Wallonia",6,79,14,7,3,2,7
2020-05-16,"OostVlaanderen","Flanders",14,157,42,17,1,3,24
2020-05-16,"VlaamsBrabant","Flanders",6,54,15,9,3,2,6
2020-05-16,"BrabantWallon","Wallonia",2,14,4,3,0,0,3
2020-05-16,"WestVlaanderen","Flanders",11,219,42,21,3,6,16
2020-05-17,"Antwerpen","Flanders",14,296,67,38,0,2,4
2020-05-17,"Brussels","Brussels",15,288,64,41,5,3,6
2020-05-17,"Hainaut","Wallonia",14,227,37,22,2,6,1
2020-05-17,"Limburg","Flanders",7,118,25,13,1,6,1
2020-05-17,"Liège","Wallonia",12,136,35,18,1,2,0
2020-05-17,"Luxembourg","Wallonia",3,30,3,3,0,1,0
2020-05-17,"Namur","Wallonia",6,72,14,7,3,1,6
2020-05-17,"OostVlaanderen","Flanders",14,154,38,16,1,9,5
2020-05-17,"VlaamsBrabant","Flanders",6,54,14,9,3,2,1
2020-05-17,"BrabantWallon","Wallonia",2,16,4,2,0,0,0
2020-05-17,"WestVlaanderen","Flanders",11,223,41,21,1,11,3
2020-05-18,"Antwerpen","Flanders",14,296,68,41,0,5,2
2020-05-18,"Brussels","Brussels",15,281,66,42,6,12,16
2020-05-18,"Hainaut","Wallonia",14,228,37,22,3,5,6
2020-05-18,"Limburg","Flanders",7,122,28,13,1,4,0
2020-05-18,"Liège","Wallonia",12,135,31,15,1,2,5
2020-05-18,"Luxembourg","Wallonia",3,31,3,3,0,1,0
2020-05-18,"Namur","Wallonia",6,72,13,6,3,3,0
2020-05-18,"OostVlaanderen","Flanders",14,156,39,15,1,4,1
2020-05-18,"VlaamsBrabant","Flanders",6,58,13,9,3,3,0
2020-05-18,"BrabantWallon","Wallonia",2,16,4,3,0,0,0
2020-05-18,"WestVlaanderen","Flanders",11,235,43,22,1,11,0
2020-05-19,"Antwerpen","Flanders",14,275,58,34,0,8,27
2020-05-19,"Brussels","Brussels",15,272,62,40,4,9,30
2020-05-19,"Hainaut","Wallonia",14,213,32,16,2,6,23
2020-05-19,"Limburg","Flanders",7,107,24,14,1,5,12
2020-05-19,"Liège","Wallonia",12,131,29,13,1,2,16
2020-05-19,"Luxembourg","Wallonia",3,28,3,3,0,0,1
2020-05-19,"Namur","Wallonia",6,66,12,3,2,4,5
2020-05-19,"OostVlaanderen","Flanders",14,142,34,13,2,6,18
2020-05-19,"VlaamsBrabant","Flanders",6,48,15,9,2,5,12
2020-05-19,"BrabantWallon","Wallonia",2,14,4,3,0,1,3
2020-05-19,"WestVlaanderen","Flanders",11,231,40,21,0,12,13
2020-05-20,"Antwerpen","Flanders",14,253,55,33,0,7,25
2020-05-20,"Brussels","Brussels",15,268,51,33,5,10,30
2020-05-20,"Hainaut","Wallonia",14,197,26,12,2,10,16
2020-05-20,"Limburg","Flanders",7,109,21,14,0,10,5
2020-05-20,"Liège","Wallonia",12,116,24,12,1,1,17
2020-05-20,"Luxembourg","Wallonia",3,25,2,2,0,0,2
2020-05-20,"Namur","Wallonia",6,68,12,4,2,7,5
2020-05-20,"OostVlaanderen","Flanders",14,138,32,13,2,6,9
2020-05-20,"VlaamsBrabant","Flanders",6,35,11,7,2,1,9
2020-05-20,"BrabantWallon","Wallonia",2,13,3,3,0,2,0
2020-05-20,"WestVlaanderen","Flanders",11,226,40,21,1,17,23
2020-05-21,"Antwerpen","Flanders",14,230,49,29,0,4,23
2020-05-21,"Brussels","Brussels",15,258,51,35,5,6,21
2020-05-21,"Hainaut","Wallonia",14,182,21,12,2,2,19
2020-05-21,"Limburg","Flanders",7,114,20,14,0,17,7
2020-05-21,"Liège","Wallonia",12,117,24,11,1,5,12
2020-05-21,"Luxembourg","Wallonia",3,24,2,2,0,0,5
2020-05-21,"Namur","Wallonia",6,68,16,5,2,4,5
2020-05-21,"OostVlaanderen","Flanders",14,132,30,12,1,5,19
2020-05-21,"VlaamsBrabant","Flanders",6,31,12,6,3,0,2
2020-05-21,"BrabantWallon","Wallonia",2,14,3,3,0,1,0
2020-05-21,"WestVlaanderen","Flanders",11,218,40,18,1,12,22
2020-05-22,"Antwerpen","Flanders",14,227,48,29,0,5,3
2020-05-22,"Brussels","Brussels",15,264,56,42,6,6,12
2020-05-22,"Hainaut","Wallonia",14,166,18,10,2,4,2
2020-05-22,"Limburg","Flanders",7,104,20,15,0,3,2
2020-05-22,"Liège","Wallonia",12,116,23,9,2,3,3
2020-05-22,"Luxembourg","Wallonia",3,26,2,2,0,1,0
2020-05-22,"Namur","Wallonia",6,65,11,6,2,0,2
2020-05-22,"OostVlaanderen","Flanders",14,132,28,11,1,6,2
2020-05-22,"VlaamsBrabant","Flanders",6,31,12,5,3,0,2
2020-05-22,"BrabantWallon","Wallonia",2,14,3,3,0,0,0
2020-05-22,"WestVlaanderen","Flanders",11,215,38,17,1,6,4
2020-05-23,"Antwerpen","Flanders",14,219,48,27,0,5,18
2020-05-23,"Brussels","Brussels",15,251,54,39,5,7,21
2020-05-23,"Hainaut","Wallonia",14,161,16,9,2,6,15
2020-05-23,"Limburg","Flanders",7,110,18,15,0,7,10
2020-05-23,"Liège","Wallonia",12,106,23,10,2,6,18
2020-05-23,"Luxembourg","Wallonia",3,20,2,2,0,0,5
2020-05-23,"Namur","Wallonia",6,59,13,5,1,2,4
2020-05-23,"OostVlaanderen","Flanders",14,118,29,10,1,4,15
2020-05-23,"VlaamsBrabant","Flanders",6,35,11,5,3,4,0
2020-05-23,"BrabantWallon","Wallonia",2,12,2,2,0,0,1
2020-05-23,"WestVlaanderen","Flanders",11,205,40,19,1,7,10
2020-05-24,"Antwerpen","Flanders",14,215,46,25,0,5,6
2020-05-24,"Brussels","Brussels",15,255,55,38,5,4,5
2020-05-24,"Hainaut","Wallonia",14,159,15,9,2,6,4
2020-05-24,"Limburg","Flanders",7,107,19,14,0,2,2
2020-05-24,"Liège","Wallonia",12,108,22,9,2,1,1
2020-05-24,"Luxembourg","Wallonia",3,23,2,2,0,0,0
2020-05-24,"Namur","Wallonia",6,59,11,5,1,1,0
2020-05-24,"OostVlaanderen","Flanders",14,118,27,8,1,2,1
2020-05-24,"VlaamsBrabant","Flanders",6,34,11,5,3,0,0
2020-05-24,"BrabantWallon","Wallonia",2,11,2,2,0,0,1
2020-05-24,"WestVlaanderen","Flanders",11,217,41,17,1,6,5
2020-05-25,"Antwerpen","Flanders",14,219,44,27,0,8,2
2020-05-25,"Brussels","Brussels",15,251,57,34,4,6,11
2020-05-25,"Hainaut","Wallonia",14,155,15,9,1,3,2
2020-05-25,"Limburg","Flanders",7,115,19,13,0,13,2
2020-05-25,"Liège","Wallonia",12,107,22,9,2,1,1
2020-05-25,"Luxembourg","Wallonia",3,24,2,1,0,0,0
2020-05-25,"Namur","Wallonia",6,56,11,5,1,0,1
2020-05-25,"OostVlaanderen","Flanders",14,118,26,7,1,1,1
2020-05-25,"VlaamsBrabant","Flanders",6,32,11,4,3,1,0
2020-05-25,"BrabantWallon","Wallonia",2,10,1,1,0,0,1
2020-05-25,"WestVlaanderen","Flanders",11,217,41,19,1,6,2
2020-05-26,"Antwerpen","Flanders",14,186,38,22,0,4,13
2020-05-26,"Brussels","Brussels",15,240,51,31,3,5,15
2020-05-26,"Hainaut","Wallonia",14,133,15,9,1,4,29
2020-05-26,"Limburg","Flanders",7,93,18,11,0,0,6
2020-05-26,"Liège","Wallonia",12,104,20,10,2,6,10
2020-05-26,"Luxembourg","Wallonia",3,27,1,0,0,5,2
2020-05-26,"Namur","Wallonia",6,36,9,4,1,1,20
2020-05-26,"OostVlaanderen","Flanders",14,104,27,7,1,5,16
2020-05-26,"VlaamsBrabant","Flanders",6,28,10,4,3,0,3
2020-05-26,"BrabantWallon","Wallonia",2,6,1,1,0,0,2
2020-05-26,"WestVlaanderen","Flanders",11,193,33,15,1,6,29
2020-05-27,"Antwerpen","Flanders",14,174,39,21,1,5,16
2020-05-27,"Brussels","Brussels",15,207,45,22,2,9,16
2020-05-27,"Hainaut","Wallonia",14,111,10,6,1,3,20
2020-05-27,"Limburg","Flanders",7,86,19,13,0,6,12
2020-05-27,"Liège","Wallonia",12,97,20,10,2,3,7
2020-05-27,"Luxembourg","Wallonia",3,25,2,1,0,3,3
2020-05-27,"Namur","Wallonia",6,37,10,5,1,2,2
2020-05-27,"OostVlaanderen","Flanders",14,97,26,6,1,5,12
2020-05-27,"VlaamsBrabant","Flanders",6,28,7,4,3,3,4
2020-05-27,"BrabantWallon","Wallonia",2,5,1,0,0,0,1
2020-05-27,"WestVlaanderen","Flanders",11,183,30,13,1,10,15
2020-05-28,"Antwerpen","Flanders",14,145,38,19,1,4,24
2020-05-28,"Brussels","Brussels",15,197,40,18,3,2,13
2020-05-28,"Hainaut","Wallonia",14,98,8,6,1,2,12
2020-05-28,"Limburg","Flanders",7,77,16,13,0,5,8
2020-05-28,"Liège","Wallonia",12,92,19,8,2,4,5
2020-05-28,"Luxembourg","Wallonia",3,17,3,1,0,0,6
2020-05-28,"Namur","Wallonia",6,32,8,4,1,0,6
2020-05-28,"OostVlaanderen","Flanders",14,94,26,7,1,3,7
2020-05-28,"VlaamsBrabant","Flanders",6,25,6,4,3,0,4
2020-05-28,"BrabantWallon","Wallonia",2,5,1,0,0,0,0
2020-05-28,"WestVlaanderen","Flanders",11,157,22,10,0,7,24
2020-05-29,"Antwerpen","Flanders",14,134,37,20,1,5,17
2020-05-29,"Brussels","Brussels",15,189,38,18,2,5,19
2020-05-29,"Hainaut","Wallonia",14,93,9,6,1,5,15
2020-05-29,"Limburg","Flanders",7,72,17,10,0,3,5
2020-05-29,"Liège","Wallonia",12,91,13,8,2,4,11
2020-05-29,"Luxembourg","Wallonia",3,13,2,1,0,0,3
2020-05-29,"Namur","Wallonia",6,28,5,2,1,1,3
2020-05-29,"OostVlaanderen","Flanders",14,97,25,7,1,3,1
2020-05-29,"VlaamsBrabant","Flanders",6,23,6,4,3,0,2
2020-05-29,"BrabantWallon","Wallonia",2,3,1,0,0,0,0
2020-05-29,"WestVlaanderen","Flanders",11,149,20,9,0,3,11
2020-05-30,"Antwerpen","Flanders",14,117,36,16,1,8,23
2020-05-30,"Brussels","Brussels",15,186,39,21,3,3,12
2020-05-30,"Hainaut","Wallonia",14,85,8,5,1,7,19
2020-05-30,"Limburg","Flanders",7,71,16,11,0,5,8
2020-05-30,"Liège","Wallonia",12,81,12,7,2,2,14
2020-05-30,"Luxembourg","Wallonia",3,12,2,1,0,0,1
2020-05-30,"Namur","Wallonia",6,25,5,3,0,1,1
2020-05-30,"OostVlaanderen","Flanders",14,89,24,7,1,2,13
2020-05-30,"VlaamsBrabant","Flanders",6,18,2,1,0,0,1
2020-05-30,"BrabantWallon","Wallonia",2,2,1,0,0,0,1
2020-05-30,"WestVlaanderen","Flanders",11,137,23,12,0,12,25
2020-05-31,"Antwerpen","Flanders",14,118,37,18,1,6,5
2020-05-31,"Brussels","Brussels",15,179,40,21,3,3,7
2020-05-31,"Hainaut","Wallonia",14,85,9,5,1,0,0
2020-05-31,"Limburg","Flanders",7,68,15,10,0,2,5
2020-05-31,"Liège","Wallonia",12,84,12,7,2,2,4
2020-05-31,"Luxembourg","Wallonia",3,13,2,1,0,1,0
2020-05-31,"Namur","Wallonia",6,22,4,3,0,1,1
2020-05-31,"OostVlaanderen","Flanders",14,92,20,6,1,4,3
2020-05-31,"VlaamsBrabant","Flanders",6,17,2,1,0,1,0
2020-05-31,"BrabantWallon","Wallonia",2,2,1,0,0,0,0
2020-05-31,"WestVlaanderen","Flanders",11,138,22,11,0,5,8
2020-06-01,"Antwerpen","Flanders",14,116,34,15,1,2,2
2020-06-01,"Brussels","Brussels",15,184,42,23,3,7,3
2020-06-01,"Hainaut","Wallonia",14,84,8,5,1,3,2
2020-06-01,"Limburg","Flanders",7,68,16,11,0,3,1
2020-06-01,"Liège","Wallonia",12,80,12,8,2,1,0
2020-06-01,"Luxembourg","Wallonia",3,14,3,1,0,1,0
2020-06-01,"Namur","Wallonia",6,22,4,3,0,0,0
2020-06-01,"OostVlaanderen","Flanders",14,93,20,7,1,2,4
2020-06-01,"VlaamsBrabant","Flanders",6,16,2,1,0,0,1
2020-06-01,"BrabantWallon","Wallonia",2,2,1,0,0,0,0
2020-06-01,"WestVlaanderen","Flanders",11,142,24,12,0,7,1
2020-06-02,"Antwerpen","Flanders",14,112,33,13,1,2,3
2020-06-02,"Brussels","Brussels",15,190,47,22,3,8,2
2020-06-02,"Hainaut","Wallonia",14,81,8,3,1,2,2
2020-06-02,"Limburg","Flanders",7,71,17,7,0,4,3
2020-06-02,"Liège","Wallonia",12,78,14,9,2,3,4
2020-06-02,"Luxembourg","Wallonia",3,12,3,1,0,0,1
2020-06-02,"Namur","Wallonia",6,24,5,3,0,2,0
2020-06-02,"OostVlaanderen","Flanders",14,93,17,5,1,1,3
2020-06-02,"VlaamsBrabant","Flanders",6,15,2,1,0,0,0
2020-06-02,"BrabantWallon","Wallonia",2,3,1,0,0,2,0
2020-06-02,"WestVlaanderen","Flanders",11,142,25,15,0,7,7
2020-06-03,"Antwerpen","Flanders",14,112,30,13,1,6,7
2020-06-03,"Brussels","Brussels",15,158,33,18,3,1,21
2020-06-03,"Hainaut","Wallonia",14,69,7,3,1,4,15
2020-06-03,"Limburg","Flanders",7,66,16,8,0,3,7
2020-06-03,"Liège","Wallonia",12,70,14,8,2,2,14
2020-06-03,"Luxembourg","Wallonia",3,11,0,0,0,1,1
2020-06-03,"Namur","Wallonia",6,22,4,3,0,1,0
2020-06-03,"OostVlaanderen","Flanders",14,84,14,5,1,2,11
2020-06-03,"VlaamsBrabant","Flanders",6,16,3,1,0,1,1
2020-06-03,"BrabantWallon","Wallonia",2,2,0,0,0,0,0
2020-06-03,"WestVlaanderen","Flanders",11,129,24,15,0,0,12
2020-06-04,"Antwerpen","Flanders",14,105,28,16,1,3,7
2020-06-04,"Brussels","Brussels",15,139,36,18,3,7,22
2020-06-04,"Hainaut","Wallonia",14,64,6,4,1,4,8
2020-06-04,"Limburg","Flanders",7,63,13,7,0,4,7
2020-06-04,"Liège","Wallonia",12,68,12,6,2,2,2
2020-06-04,"Luxembourg","Wallonia",3,10,0,0,0,1,0
2020-06-04,"Namur","Wallonia",6,24,4,2,0,2,0
2020-06-04,"OostVlaanderen","Flanders",14,83,13,5,1,2,7
2020-06-04,"VlaamsBrabant","Flanders",6,18,3,2,0,1,0
2020-06-04,"BrabantWallon","Wallonia",2,3,0,0,0,2,0
2020-06-04,"WestVlaanderen","Flanders",11,125,22,13,0,4,11
2020-06-05,"Antwerpen","Flanders",14,95,25,17,1,7,11
2020-06-05,"Brussels","Brussels",15,134,32,21,3,5,10
2020-06-05,"Hainaut","Wallonia",14,57,5,3,1,1,9
2020-06-05,"Limburg","Flanders",7,58,12,4,0,2,5
2020-06-05,"Liège","Wallonia",12,59,10,5,1,1,8
2020-06-05,"Luxembourg","Wallonia",3,10,0,0,0,0,0
2020-06-05,"Namur","Wallonia",6,19,3,2,0,0,6
2020-06-05,"OostVlaanderen","Flanders",14,81,12,5,1,5,11
2020-06-05,"VlaamsBrabant","Flanders",6,16,2,2,0,2,3
2020-06-05,"BrabantWallon","Wallonia",2,3,0,0,0,0,0
2020-06-05,"WestVlaanderen","Flanders",11,115,20,12,0,3,15
2020-06-06,"Antwerpen","Flanders",14,86,22,17,1,0,19
2020-06-06,"Brussels","Brussels",15,126,30,19,3,4,10
2020-06-06,"Hainaut","Wallonia",14,45,4,2,1,1,15
2020-06-06,"Limburg","Flanders",7,51,11,7,0,3,9
2020-06-06,"Liège","Wallonia",12,49,9,5,1,2,12
2020-06-06,"Luxembourg","Wallonia",3,10,0,0,0,0,0
2020-06-06,"Namur","Wallonia",6,19,3,2,0,1,2
2020-06-06,"OostVlaanderen","Flanders",14,66,11,5,1,3,14
2020-06-06,"VlaamsBrabant","Flanders",6,16,2,1,0,1,0
2020-06-06,"BrabantWallon","Wallonia",2,2,0,0,0,0,1
2020-06-06,"WestVlaanderen","Flanders",11,103,19,11,0,6,19
2020-06-07,"Antwerpen","Flanders",14,80,21,16,1,1,3
2020-06-07,"Brussels","Brussels",15,140,32,17,3,11,4
2020-06-07,"Hainaut","Wallonia",14,43,2,2,1,3,4
2020-06-07,"Limburg","Flanders",7,50,12,7,0,3,2
2020-06-07,"Liège","Wallonia",12,47,9,5,1,0,3
2020-06-07,"Luxembourg","Wallonia",3,10,0,0,0,0,0
2020-06-07,"Namur","Wallonia",6,17,3,2,0,2,2
2020-06-07,"OostVlaanderen","Flanders",14,67,12,6,1,1,2
2020-06-07,"VlaamsBrabant","Flanders",6,18,6,4,2,1,2
2020-06-07,"BrabantWallon","Wallonia",2,2,0,0,0,0,0
2020-06-07,"WestVlaanderen","Flanders",11,102,19,11,0,1,2
2020-06-08,"Antwerpen","Flanders",14,80,22,12,1,1,1
2020-06-08,"Brussels","Brussels",15,139,32,14,2,2,3
2020-06-08,"Hainaut","Wallonia",14,46,3,2,1,5,1
2020-06-08,"Limburg","Flanders",7,52,11,8,0,4,0
2020-06-08,"Liège","Wallonia",12,52,9,6,1,1,0
2020-06-08,"Luxembourg","Wallonia",3,9,0,0,0,0,0
2020-06-08,"Namur","Wallonia",6,17,3,2,0,1,0
2020-06-08,"OostVlaanderen","Flanders",14,64,11,6,2,1,1
2020-06-08,"VlaamsBrabant","Flanders",6,18,6,4,2,0,0
2020-06-08,"BrabantWallon","Wallonia",2,3,0,0,0,0,0
2020-06-08,"WestVlaanderen","Flanders",11,95,18,12,0,1,3
2020-06-09,"Antwerpen","Flanders",14,64,18,9,1,4,7
2020-06-09,"Brussels","Brussels",15,131,27,15,3,5,13
2020-06-09,"Hainaut","Wallonia",14,42,3,2,1,4,9
2020-06-09,"Limburg","Flanders",7,50,11,6,0,5,5
2020-06-09,"Liège","Wallonia",12,51,8,4,1,0,5
2020-06-09,"Luxembourg","Wallonia",3,9,0,0,0,0,0
2020-06-09,"Namur","Wallonia",6,16,3,1,0,0,1
2020-06-09,"OostVlaanderen","Flanders",14,54,10,5,2,1,13
2020-06-09,"VlaamsBrabant","Flanders",6,17,5,4,2,1,1
2020-06-09,"BrabantWallon","Wallonia",2,3,0,0,0,0,0
2020-06-09,"WestVlaanderen","Flanders",11,90,17,11,0,4,14
2020-06-10,"Antwerpen","Flanders",14,61,19,8,1,5,5
2020-06-10,"Brussels","Brussels",15,122,32,15,3,5,10
2020-06-10,"Hainaut","Wallonia",14,41,3,2,1,2,8
2020-06-10,"Limburg","Flanders",7,47,10,5,0,3,4
2020-06-10,"Liège","Wallonia",12,46,8,3,1,1,9
2020-06-10,"Luxembourg","Wallonia",3,7,0,0,0,0,1
2020-06-10,"Namur","Wallonia",6,15,2,1,0,0,1
2020-06-10,"OostVlaanderen","Flanders",14,50,10,5,2,1,5
2020-06-10,"VlaamsBrabant","Flanders",6,17,4,4,2,1,1
2020-06-10,"BrabantWallon","Wallonia",2,2,0,0,0,0,1
2020-06-10,"WestVlaanderen","Flanders",11,76,11,9,0,1,16
2020-06-11,"Antwerpen","Flanders",14,62,19,6,1,5,5
2020-06-11,"Brussels","Brussels",15,125,24,15,3,5,6
2020-06-11,"Hainaut","Wallonia",14,41,3,2,1,6,9
2020-06-11,"Limburg","Flanders",7,49,8,3,0,7,4
2020-06-11,"Liège","Wallonia",12,40,6,3,0,0,6
2020-06-11,"Luxembourg","Wallonia",3,9,0,0,0,1,0
2020-06-11,"Namur","Wallonia",6,13,2,0,0,0,1
2020-06-11,"OostVlaanderen","Flanders",14,50,11,4,0,4,4
2020-06-11,"VlaamsBrabant","Flanders",6,16,4,4,2,0,1
2020-06-11,"BrabantWallon","Wallonia",2,3,0,0,0,0,0
2020-06-11,"WestVlaanderen","Flanders",11,71,12,9,0,4,9
2020-06-12,"Antwerpen","Flanders",14,51,16,5,1,3,8
2020-06-12,"Brussels","Brussels",15,109,23,14,4,4,8
2020-06-12,"Hainaut","Wallonia",14,38,4,3,1,7,6
2020-06-12,"Limburg","Flanders",7,40,8,3,0,0,8
2020-06-12,"Liège","Wallonia",12,34,7,3,0,0,7
2020-06-12,"Luxembourg","Wallonia",3,7,0,0,0,1,0
2020-06-12,"Namur","Wallonia",6,11,2,0,0,1,3
2020-06-12,"OostVlaanderen","Flanders",14,46,11,4,0,1,3
2020-06-12,"VlaamsBrabant","Flanders",6,19,4,4,2,4,1
2020-06-12,"BrabantWallon","Wallonia",2,4,0,0,0,0,0
2020-06-12,"WestVlaanderen","Flanders",11,66,13,7,1,2,7
2020-06-13,"Antwerpen","Flanders",14,45,13,5,1,2,5
2020-06-13,"Brussels","Brussels",15,101,23,13,3,3,14
2020-06-13,"Hainaut","Wallonia",14,32,5,4,1,5,2
2020-06-13,"Limburg","Flanders",7,33,7,3,0,0,8
2020-06-13,"Liège","Wallonia",12,30,6,3,0,0,5
2020-06-13,"Luxembourg","Wallonia",3,7,0,0,0,0,0
2020-06-13,"Namur","Wallonia",6,11,2,0,0,0,0
2020-06-13,"OostVlaanderen","Flanders",14,44,9,4,0,0,2
2020-06-13,"VlaamsBrabant","Flanders",6,19,4,4,2,0,1
2020-06-13,"BrabantWallon","Wallonia",2,4,0,0,0,0,0
2020-06-13,"WestVlaanderen","Flanders",11,69,13,8,0,2,5
2020-06-14,"Antwerpen","Flanders",14,47,14,5,1,4,5
2020-06-14,"Brussels","Brussels",15,102,25,14,3,4,4
2020-06-14,"Hainaut","Wallonia",14,33,5,3,1,2,1
2020-06-14,"Limburg","Flanders",7,36,8,4,0,2,0
2020-06-14,"Liège","Wallonia",12,30,5,2,0,1,2
2020-06-14,"Luxembourg","Wallonia",3,8,0,0,0,0,0
2020-06-14,"Namur","Wallonia",6,12,2,0,0,1,0
2020-06-14,"OostVlaanderen","Flanders",14,43,8,3,0,1,2
2020-06-14,"VlaamsBrabant","Flanders",6,18,4,4,2,0,1
2020-06-14,"BrabantWallon","Wallonia",2,4,0,0,0,0,0
2020-06-14,"WestVlaanderen","Flanders",11,67,14,8,0,2,6
2020-06-15,"Antwerpen","Flanders",14,42,14,5,1,0,2
2020-06-15,"Brussels","Brussels",15,102,24,11,3,4,3
2020-06-15,"Hainaut","Wallonia",14,32,4,3,1,1,2
2020-06-15,"Limburg","Flanders",7,36,6,3,0,1,1
2020-06-15,"Liège","Wallonia",12,34,5,2,0,1,2
2020-06-15,"Luxembourg","Wallonia",3,8,0,0,0,0,0
2020-06-15,"Namur","Wallonia",6,12,1,0,0,0,0
2020-06-15,"OostVlaanderen","Flanders",14,45,6,2,0,2,0
2020-06-15,"VlaamsBrabant","Flanders",6,17,4,4,2,0,1
2020-06-15,"BrabantWallon","Wallonia",2,4,0,0,0,0,0
2020-06-15,"WestVlaanderen","Flanders",11,63,12,7,0,2,4
2020-06-16,"Antwerpen","Flanders",14,45,14,3,1,4,10
2020-06-16,"Brussels","Brussels",15,98,22,11,3,4,10
2020-06-16,"Hainaut","Wallonia",14,33,4,3,1,11,9
2020-06-16,"Limburg","Flanders",7,34,6,3,0,0,3
2020-06-16,"Liège","Wallonia",12,28,4,2,0,1,3
2020-06-16,"Luxembourg","Wallonia",3,10,1,0,0,3,1
2020-06-16,"Namur","Wallonia",6,12,1,0,0,0,0
2020-06-16,"OostVlaanderen","Flanders",14,34,3,1,0,1,10
2020-06-16,"VlaamsBrabant","Flanders",6,16,4,4,1,0,2
2020-06-16,"BrabantWallon","Wallonia",2,4,0,0,0,0,0
2020-06-16,"WestVlaanderen","Flanders",11,57,8,4,0,0,9
2020-06-17,"Antwerpen","Flanders",14,44,13,4,1,2,3
2020-06-17,"Brussels","Brussels",15,96,20,9,3,5,3
2020-06-17,"Hainaut","Wallonia",14,29,3,3,1,0,4
2020-06-17,"Limburg","Flanders",7,31,6,3,0,4,6
2020-06-17,"Liège","Wallonia",12,21,2,0,0,1,6
2020-06-17,"Luxembourg","Wallonia",3,9,0,0,0,1,2
2020-06-17,"Namur","Wallonia",6,12,1,0,0,0,0
2020-06-17,"OostVlaanderen","Flanders",14,32,3,1,0,1,3
2020-06-17,"VlaamsBrabant","Flanders",6,15,4,4,1,1,1
2020-06-17,"BrabantWallon","Wallonia",2,3,0,0,0,0,1
2020-06-17,"WestVlaanderen","Flanders",11,52,8,2,0,4,11
2020-06-18,"Antwerpen","Flanders",14,49,11,4,1,2,1
2020-06-18,"Brussels","Brussels",15,93,19,9,3,5,9
2020-06-18,"Hainaut","Wallonia",14,33,2,2,1,6,0
2020-06-18,"Limburg","Flanders",7,31,5,4,0,1,1
2020-06-18,"Liège","Wallonia",12,17,2,0,0,2,6
2020-06-18,"Luxembourg","Wallonia",3,8,0,0,0,0,1
2020-06-18,"Namur","Wallonia",6,9,0,0,0,0,3
2020-06-18,"OostVlaanderen","Flanders",14,33,3,1,0,0,1
2020-06-18,"VlaamsBrabant","Flanders",6,13,3,3,1,1,0
2020-06-18,"BrabantWallon","Wallonia",2,3,0,0,0,0,0
2020-06-18,"WestVlaanderen","Flanders",11,51,7,4,0,3,5
2020-06-19,"Antwerpen","Flanders",14,47,12,4,1,4,4
2020-06-19,"Brussels","Brussels",15,77,17,9,3,4,17
2020-06-19,"Hainaut","Wallonia",14,32,2,2,1,2,3
2020-06-19,"Limburg","Flanders",7,23,5,3,0,0,6
2020-06-19,"Liège","Wallonia",12,17,3,2,0,2,3
2020-06-19,"Luxembourg","Wallonia",3,8,0,0,0,0,0
2020-06-19,"Namur","Wallonia",6,9,0,0,0,0,0
2020-06-19,"OostVlaanderen","Flanders",14,34,3,1,0,5,3
2020-06-19,"VlaamsBrabant","Flanders",6,11,2,2,0,0,0
2020-06-19,"BrabantWallon","Wallonia",2,2,0,0,0,0,2
2020-06-19,"WestVlaanderen","Flanders",11,48,6,4,0,3,4
2020-06-20,"Antwerpen","Flanders",14,48,12,4,1,3,6
2020-06-20,"Brussels","Brussels",15,71,17,10,3,2,7
2020-06-20,"Hainaut","Wallonia",14,35,4,3,1,6,1
2020-06-20,"Limburg","Flanders",7,22,5,3,0,2,3
2020-06-20,"Liège","Wallonia",12,18,4,1,0,1,0
2020-06-20,"Luxembourg","Wallonia",3,9,0,0,0,1,0
2020-06-20,"Namur","Wallonia",6,7,0,0,0,0,1
2020-06-20,"OostVlaanderen","Flanders",14,27,3,1,0,2,3
2020-06-20,"VlaamsBrabant","Flanders",6,11,2,2,0,1,1
2020-06-20,"BrabantWallon","Wallonia",2,0,0,0,0,0,0
2020-06-20,"WestVlaanderen","Flanders",11,44,6,4,0,0,1
2020-06-21,"Antwerpen","Flanders",14,49,11,3,1,1,2
2020-06-21,"Brussels","Brussels",15,63,16,10,3,0,7
2020-06-21,"Hainaut","Wallonia",14,34,2,1,0,1,1
2020-06-21,"Limburg","Flanders",7,28,6,2,0,3,0
2020-06-21,"Liège","Wallonia",12,19,4,2,0,1,1
2020-06-21,"Luxembourg","Wallonia",3,11,0,0,0,2,0
2020-06-21,"Namur","Wallonia",6,7,0,0,0,0,0
2020-06-21,"OostVlaanderen","Flanders",14,28,3,1,0,1,1
2020-06-21,"VlaamsBrabant","Flanders",6,12,2,2,0,1,0
2020-06-21,"BrabantWallon","Wallonia",2,0,0,0,0,0,0
2020-06-21,"WestVlaanderen","Flanders",11,44,6,4,0,0,0
2020-06-22,"Antwerpen","Flanders",14,53,8,3,1,3,0
2020-06-22,"Brussels","Brussels",15,57,14,8,2,1,5
2020-06-22,"Hainaut","Wallonia",14,33,2,1,0,0,2
2020-06-22,"Limburg","Flanders",7,33,5,2,0,5,0
2020-06-22,"Liège","Wallonia",12,19,3,2,0,0,2
2020-06-22,"Luxembourg","Wallonia",3,12,0,0,0,1,0
2020-06-22,"Namur","Wallonia",6,7,0,0,0,0,0
2020-06-22,"OostVlaanderen","Flanders",14,29,2,1,0,2,0
2020-06-22,"VlaamsBrabant","Flanders",6,12,2,2,0,0,0
2020-06-22,"BrabantWallon","Wallonia",2,0,0,0,0,0,0
2020-06-22,"WestVlaanderen","Flanders",11,38,6,1,0,0,7
2020-06-23,"Antwerpen","Flanders",14,49,7,3,1,0,8
2020-06-23,"Brussels","Brussels",15,59,15,8,2,1,6
2020-06-23,"Hainaut","Wallonia",14,31,1,1,0,2,2
2020-06-23,"Limburg","Flanders",7,27,5,3,0,2,6
2020-06-23,"Liège","Wallonia",12,24,4,2,0,5,1
2020-06-23,"Luxembourg","Wallonia",3,10,0,0,0,0,2
2020-06-23,"Namur","Wallonia",6,7,0,0,0,0,0
2020-06-23,"OostVlaanderen","Flanders",14,27,3,2,0,1,6
2020-06-23,"VlaamsBrabant","Flanders",6,10,2,2,0,0,2
2020-06-23,"BrabantWallon","Wallonia",2,0,0,0,0,0,0
2020-06-23,"WestVlaanderen","Flanders",11,37,4,3,0,1,3
2020-06-24,"Antwerpen","Flanders",14,51,11,3,1,4,3
2020-06-24,"Brussels","Brussels",15,53,15,7,2,2,8
2020-06-24,"Hainaut","Wallonia",14,28,1,1,0,1,4
2020-06-24,"Limburg","Flanders",7,29,4,3,0,3,0
2020-06-24,"Liège","Wallonia",12,22,2,1,0,1,4
2020-06-24,"Luxembourg","Wallonia",3,8,0,0,0,0,1
2020-06-24,"Namur","Wallonia",6,7,0,0,0,0,0
2020-06-24,"OostVlaanderen","Flanders",14,24,2,1,0,1,4
2020-06-24,"VlaamsBrabant","Flanders",6,9,2,2,0,0,1
2020-06-24,"BrabantWallon","Wallonia",2,1,0,0,0,1,0
2020-06-24,"WestVlaanderen","Flanders",11,36,3,3,0,3,7
2020-06-25,"Antwerpen","Flanders",14,48,6,3,1,2,1
2020-06-25,"Brussels","Brussels",15,47,17,8,2,3,10
2020-06-25,"Hainaut","Wallonia",14,24,1,1,0,1,4
2020-06-25,"Limburg","Flanders",7,30,3,1,0,5,3
2020-06-25,"Liège","Wallonia",12,24,2,1,0,2,2
2020-06-25,"Luxembourg","Wallonia",3,8,0,0,0,2,1
2020-06-25,"Namur","Wallonia",6,7,0,0,0,0,0
2020-06-25,"OostVlaanderen","Flanders",14,24,3,1,0,0,3
2020-06-25,"VlaamsBrabant","Flanders",6,11,2,2,0,1,0
2020-06-25,"BrabantWallon","Wallonia",2,1,0,0,0,1,1
2020-06-25,"WestVlaanderen","Flanders",11,32,4,3,0,2,3
2020-06-26,"Antwerpen","Flanders",14,45,5,3,1,1,2
2020-06-26,"Brussels","Brussels",15,43,15,7,2,5,6
2020-06-26,"Hainaut","Wallonia",14,28,1,1,0,5,1
2020-06-26,"Limburg","Flanders",7,31,5,1,0,3,3
2020-06-26,"Liège","Wallonia",12,24,3,1,0,0,2
2020-06-26,"Luxembourg","Wallonia",3,8,0,0,0,1,1
2020-06-26,"Namur","Wallonia",6,7,0,0,0,0,0
2020-06-26,"OostVlaanderen","Flanders",14,22,2,1,0,2,4
2020-06-26,"VlaamsBrabant","Flanders",6,12,2,2,0,0,1
2020-06-26,"BrabantWallon","Wallonia",2,1,0,0,0,0,0
2020-06-26,"WestVlaanderen","Flanders",11,26,3,2,0,1,3
2020-06-27,"Antwerpen","Flanders",14,44,5,2,1,2,6
2020-06-27,"Brussels","Brussels",15,40,13,7,2,1,4
2020-06-27,"Hainaut","Wallonia",14,29,1,1,0,3,4
2020-06-27,"Limburg","Flanders",7,28,7,1,0,2,5
2020-06-27,"Liège","Wallonia",12,18,3,1,0,1,6
2020-06-27,"Luxembourg","Wallonia",3,10,0,0,0,3,1
2020-06-27,"Namur","Wallonia",6,5,0,0,0,0,1
2020-06-27,"OostVlaanderen","Flanders",14,22,1,1,0,1,1
2020-06-27,"VlaamsBrabant","Flanders",6,13,2,2,0,1,0
2020-06-27,"BrabantWallon","Wallonia",2,2,0,0,0,0,0
2020-06-27,"WestVlaanderen","Flanders",11,26,2,1,0,2,1
2020-06-28,"Antwerpen","Flanders",14,42,6,2,1,1,3
2020-06-28,"Brussels","Brussels",15,42,12,6,2,1,1
2020-06-28,"Hainaut","Wallonia",14,29,1,1,0,0,0
2020-06-28,"Limburg","Flanders",7,26,8,3,0,0,2
2020-06-28,"Liège","Wallonia",12,18,3,1,0,0,0
2020-06-28,"Luxembourg","Wallonia",3,10,0,0,0,0,0
2020-06-28,"Namur","Wallonia",6,5,0,0,0,0,0
2020-06-28,"OostVlaanderen","Flanders",14,23,2,1,0,2,2
2020-06-28,"VlaamsBrabant","Flanders",6,12,2,2,0,0,1
2020-06-28,"BrabantWallon","Wallonia",2,2,0,0,0,0,0
2020-06-28,"WestVlaanderen","Flanders",11,28,2,1,0,1,1
2020-06-29,"Antwerpen","Flanders",14,43,6,2,1,0,0
2020-06-29,"Brussels","Brussels",15,45,13,6,2,6,2
2020-06-29,"Hainaut","Wallonia",14,28,2,1,0,1,1
2020-06-29,"Limburg","Flanders",7,26,8,4,0,1,1
2020-06-29,"Liège","Wallonia",12,17,3,1,0,0,0
2020-06-29,"Luxembourg","Wallonia",3,11,1,0,0,1,1
2020-06-29,"Namur","Wallonia",6,5,0,0,0,0,0
2020-06-29,"OostVlaanderen","Flanders",14,26,3,1,0,0,1
2020-06-29,"VlaamsBrabant","Flanders",6,12,2,2,0,0,0
2020-06-29,"BrabantWallon","Wallonia",2,2,0,0,0,0,0
2020-06-29,"WestVlaanderen","Flanders",11,29,3,1,0,4,1
2020-06-30,"Antwerpen","Flanders",14,45,6,2,1,2,0
2020-06-30,"Brussels","Brussels",15,32,11,6,1,0,9
2020-06-30,"Hainaut","Wallonia",14,21,3,1,0,0,5
2020-06-30,"Limburg","Flanders",7,23,6,4,0,3,7
2020-06-30,"Liège","Wallonia",12,15,3,1,0,1,3
2020-06-30,"Luxembourg","Wallonia",3,11,1,0,0,0,0
2020-06-30,"Namur","Wallonia",6,5,0,0,0,0,0
2020-06-30,"OostVlaanderen","Flanders",14,26,3,1,0,3,2
2020-06-30,"VlaamsBrabant","Flanders",6,10,2,2,0,1,2
2020-06-30,"BrabantWallon","Wallonia",2,2,0,0,0,0,1
2020-06-30,"WestVlaanderen","Flanders",11,32,2,1,0,7,5
2020-07-01,"Antwerpen","Flanders",14,38,7,3,1,2,3
2020-07-01,"Brussels","Brussels",15,29,11,6,1,0,5
2020-07-01,"Hainaut","Wallonia",14,20,3,1,0,0,3
2020-07-01,"Limburg","Flanders",7,17,4,1,0,0,2
2020-07-01,"Liège","Wallonia",12,14,3,1,0,0,1
2020-07-01,"Luxembourg","Wallonia",3,11,1,0,0,0,0
2020-07-01,"Namur","Wallonia",6,5,0,0,0,0,0
2020-07-01,"OostVlaanderen","Flanders",14,27,3,1,0,3,3
2020-07-01,"VlaamsBrabant","Flanders",6,9,2,1,0,0,1
2020-07-01,"BrabantWallon","Wallonia",2,1,0,0,0,0,1
2020-07-01,"WestVlaanderen","Flanders",11,32,2,0,0,4,4
2020-07-02,"Antwerpen","Flanders",14,37,7,3,1,1,1
2020-07-02,"Brussels","Brussels",15,28,11,5,1,2,3
2020-07-02,"Hainaut","Wallonia",14,16,3,1,0,1,7
2020-07-02,"Limburg","Flanders",7,14,4,1,0,2,6
2020-07-02,"Liège","Wallonia",12,14,2,1,0,0,0
2020-07-02,"Luxembourg","Wallonia",3,11,1,0,0,0,0
2020-07-02,"Namur","Wallonia",6,5,0,0,0,0,0
2020-07-02,"OostVlaanderen","Flanders",14,26,4,1,0,2,5
2020-07-02,"VlaamsBrabant","Flanders",6,9,2,1,0,1,0
2020-07-02,"BrabantWallon","Wallonia",2,0,0,0,0,0,1
2020-07-02,"WestVlaanderen","Flanders",11,27,1,0,0,4,6
2020-07-03,"Antwerpen","Flanders",14,33,8,3,1,0,5
2020-07-03,"Brussels","Brussels",15,25,10,5,1,1,1
2020-07-03,"Hainaut","Wallonia",14,18,4,1,0,2,0
2020-07-03,"Limburg","Flanders",7,12,3,1,0,2,3
2020-07-03,"Liège","Wallonia",12,12,1,1,0,0,1
2020-07-03,"Luxembourg","Wallonia",3,8,0,0,0,0,2
2020-07-03,"Namur","Wallonia",6,5,0,0,0,0,0
2020-07-03,"OostVlaanderen","Flanders",14,22,4,1,0,0,2
2020-07-03,"VlaamsBrabant","Flanders",6,9,2,1,0,0,1
2020-07-03,"BrabantWallon","Wallonia",2,0,0,0,0,0,0
2020-07-03,"WestVlaanderen","Flanders",11,24,0,0,0,0,3
2020-07-04,"Antwerpen","Flanders",14,29,7,3,1,1,3
2020-07-04,"Brussels","Brussels",15,27,10,5,1,1,0
2020-07-04,"Hainaut","Wallonia",14,17,4,1,0,4,3
2020-07-04,"Limburg","Flanders",7,14,1,1,0,2,2
2020-07-04,"Liège","Wallonia",12,15,1,1,0,3,0
2020-07-04,"Luxembourg","Wallonia",3,6,0,0,0,0,2
2020-07-04,"Namur","Wallonia",6,5,0,0,0,0,0
2020-07-04,"OostVlaanderen","Flanders",14,21,2,1,0,3,3
2020-07-04,"VlaamsBrabant","Flanders",6,10,3,2,0,0,0
2020-07-04,"BrabantWallon","Wallonia",2,0,0,0,0,0,0
2020-07-04,"WestVlaanderen","Flanders",11,26,1,0,0,2,3
2020-07-05,"Antwerpen","Flanders",14,31,7,4,1,2,0
2020-07-05,"Brussels","Brussels",15,27,10,5,1,0,0
2020-07-05,"Hainaut","Wallonia",14,19,2,1,0,1,2
2020-07-05,"Limburg","Flanders",7,11,1,0,0,0,2
2020-07-05,"Liège","Wallonia",12,15,1,1,0,1,0
2020-07-05,"Luxembourg","Wallonia",3,6,0,0,0,0,0
2020-07-05,"Namur","Wallonia",6,5,0,0,0,0,0
2020-07-05,"OostVlaanderen","Flanders",14,22,3,2,0,1,1
2020-07-05,"VlaamsBrabant","Flanders",6,9,3,2,0,0,1
2020-07-05,"BrabantWallon","Wallonia",2,0,0,0,0,0,0
2020-07-05,"WestVlaanderen","Flanders",11,25,3,0,0,1,3
2020-07-06,"Antwerpen","Flanders",14,30,7,4,1,0,1
2020-07-06,"Brussels","Brussels",15,26,11,5,1,1,1
2020-07-06,"Hainaut","Wallonia",14,15,2,1,0,0,0
2020-07-06,"Limburg","Flanders",7,11,1,0,0,1,1
2020-07-06,"Liège","Wallonia",12,13,1,1,0,0,1
2020-07-06,"Luxembourg","Wallonia",3,6,0,0,0,0,0
2020-07-06,"Namur","Wallonia",6,5,0,0,0,0,0
2020-07-06,"OostVlaanderen","Flanders",14,24,2,2,0,2,0
2020-07-06,"VlaamsBrabant","Flanders",6,10,1,2,0,0,1
2020-07-06,"BrabantWallon","Wallonia",2,2,0,0,0,2,0
2020-07-06,"WestVlaanderen","Flanders",11,27,2,0,0,3,1
2020-07-07,"Antwerpen","Flanders",14,33,7,3,1,0,1
2020-07-07,"Brussels","Brussels",15,28,11,5,1,0,1
2020-07-07,"Hainaut","Wallonia",14,13,2,1,0,0,4
2020-07-07,"Limburg","Flanders",7,12,1,0,0,2,2
2020-07-07,"Liège","Wallonia",12,12,1,1,0,2,3
2020-07-07,"Luxembourg","Wallonia",3,7,0,0,0,0,1
2020-07-07,"Namur","Wallonia",6,5,0,0,0,0,0
2020-07-07,"OostVlaanderen","Flanders",14,25,2,2,0,2,1
2020-07-07,"VlaamsBrabant","Flanders",6,11,4,1,0,2,1
2020-07-07,"BrabantWallon","Wallonia",2,1,0,0,0,0,0
2020-07-07,"WestVlaanderen","Flanders",11,31,4,2,0,7,2
2020-07-08,"Antwerpen","Flanders",14,32,8,3,1,1,0
2020-07-08,"Brussels","Brussels",15,33,11,5,1,4,1
2020-07-08,"Hainaut","Wallonia",14,12,1,1,0,1,3
2020-07-08,"Limburg","Flanders",7,13,2,0,0,2,2
2020-07-08,"Liège","Wallonia",12,10,2,1,0,0,3
2020-07-08,"Luxembourg","Wallonia",3,5,0,0,0,0,0
2020-07-08,"Namur","Wallonia",6,5,0,0,0,0,0
2020-07-08,"OostVlaanderen","Flanders",14,18,2,2,0,0,6
2020-07-08,"VlaamsBrabant","Flanders",6,11,4,1,0,0,0
2020-07-08,"BrabantWallon","Wallonia",2,0,0,0,0,0,0
2020-07-08,"WestVlaanderen","Flanders",11,26,2,2,0,1,6
2020-07-09,"Antwerpen","Flanders",14,34,10,3,1,0,2
2020-07-09,"Brussels","Brussels",15,29,12,5,1,0,4
2020-07-09,"Hainaut","Wallonia",14,12,1,1,0,0,1
2020-07-09,"Limburg","Flanders",7,10,1,0,0,0,3
2020-07-09,"Liège","Wallonia",12,8,2,2,0,0,3
2020-07-09,"Luxembourg","Wallonia",3,6,0,0,0,0,0
2020-07-09,"Namur","Wallonia",6,5,0,0,0,1,1
2020-07-09,"OostVlaanderen","Flanders",14,16,2,2,0,4,5
2020-07-09,"VlaamsBrabant","Flanders",6,12,5,1,0,1,0
2020-07-09,"BrabantWallon","Wallonia",2,0,0,0,0,0,0
2020-07-09,"WestVlaanderen","Flanders",11,28,3,2,0,4,1
2020-07-10,"Antwerpen","Flanders",14,28,9,4,0,0,1
2020-07-10,"Brussels","Brussels",16,28,11,4,1,1,2
2020-07-10,"Hainaut","Wallonia",14,8,1,1,0,0,2
2020-07-10,"Limburg","Flanders",7,9,1,0,0,0,2
2020-07-10,"Liège","Wallonia",12,9,2,2,0,0,1
2020-07-10,"Luxembourg","Wallonia",3,5,0,0,0,0,0
2020-07-10,"Namur","Wallonia",6,4,0,0,0,0,1
2020-07-10,"OostVlaanderen","Flanders",14,12,2,2,0,1,5
2020-07-10,"VlaamsBrabant","Flanders",6,11,4,1,0,0,1
2020-07-10,"BrabantWallon","Wallonia",2,0,0,0,0,0,0
2020-07-10,"WestVlaanderen","Flanders",11,29,2,1,0,4,2
